{"sequence_loss": -5.734717845916748, "epoch": 50, "_timestamp": 1706163822.0464602, "_runtime": 722.1635632514954, "_step": 6199, "accuracy_train": 0.6380583890256771, "loglikelihood_train": 0.932010120337956, "rmse_train": 0.8076048407040337, "accuracy_test": 0.6241956241956242, "loglikelihood_test": 0.9012601649866695, "rmse_test": 1.049673494856077, "test_loss": 0.07718177917784294, "_wandb": {"runtime": 721}}