{"sequence_loss": 2.8499775400878535, "epoch": 50, "_timestamp": 1706471178.3753686, "_runtime": 550.8535735607147, "_step": 6199, "accuracy_train": 0.6883573689764333, "gpa_train": 0.8118185015828351, "mae_train": 0.4373948726274998, "accuracy_test": 0.6550836550836551, "gpa_test": 0.3157894736842105, "mae_test": 0.5416637915288466, "test_loss": 0.5627305711486704, "_wandb": {"runtime": 550}}