{"sequence_loss": 21.08907373901177, "epoch": 50, "_timestamp": 1706502548.9241047, "_runtime": 844.0683295726776, "_step": 6199, "accuracy_train": 0.6929300035174112, "gpa_train": 0.8156876538867394, "mae_train": 0.5030798245348479, "accuracy_test": 0.6563706563706564, "gpa_test": 0.3368421052631579, "mae_test": 0.5656770908080779, "test_loss": 0.5437648522135593, "_wandb": {"runtime": 843}}