{"batch_loss": 51.05598831176758, "epoch": 1, "_timestamp": 1705591699.711045, "_runtime": 10.911898136138916, "_step": 120, "_wandb": {"runtime": 14}}