{"sequence_loss": 22.560408566668066, "epoch": 50, "_timestamp": 1706503492.854436, "_runtime": 934.0041098594666, "_step": 6199, "accuracy_train": 0.24129440731621526, "gpa_train": 0.3316918747801618, "mae_train": 0.49519251678512416, "accuracy_test": 0.23938223938223938, "gpa_test": 0.07368421052631578, "mae_test": 0.5656908279526954, "test_loss": 2.0088184153248188, "_wandb": {"runtime": 933}}