{"sequence_loss": -5.0127692222595215, "epoch": 50, "_timestamp": 1706142085.2676902, "_runtime": 523.4717621803284, "_step": 6199, "accuracy_train": 0.7041857193105874, "loglikelihood_train": 0.9700254005177587, "rmse_train": 0.7919196434671519, "accuracy_test": 0.6911196911196911, "loglikelihood_test": 0.9288437282089639, "rmse_test": 1.041027017880175, "test_loss": -0.03126837728561553, "_wandb": {"runtime": 522}}