{"sequence_loss": 13.063197135925293, "epoch": 50, "_timestamp": 1706158573.5394673, "_runtime": 983.6849694252014, "_step": 6199, "accuracy_train": 0.4009848751319029, "loglikelihood_train": 0.9078986199725524, "rmse_train": 0.8646976475916917, "accuracy_test": 0.425997425997426, "loglikelihood_test": 0.8790110708337969, "rmse_test": 1.0696679172823125, "test_loss": 0.6679633988182893, "_wandb": {"runtime": 983}}