{"batch_loss": -13.50539779663086, "epoch": 50, "_timestamp": 1705593639.5888894, "_runtime": 499.196896314621, "_step": 6099, "test_loss": 1.9997474331070482, "_wandb": {"runtime": 498}}