{"sequence_loss": 3.2881603244678885, "epoch": 50, "_timestamp": 1706217547.9794059, "_runtime": 446.8907699584961, "_step": 6199, "accuracy_train": 0.7210692930003517, "gpa_train": 0.8269433696799156, "mae_train": 0.28796369472608324, "accuracy_test": 0.6846846846846847, "gpa_test": 0.3368421052631579, "mae_test": 0.3715059927531651, "test_loss": 0.32812174860526294, "_wandb": {"runtime": 446}}