{"batch_loss": 63.542423248291016, "epoch": 1, "_timestamp": 1705587692.470979, "_runtime": 8.536109924316406, "_step": 120, "_wandb": {"runtime": 8}}