{"batch_loss": 12.982562065124512, "epoch": 70, "_timestamp": 1705666894.3231544, "_runtime": 737.4248034954071, "_step": 8679, "accuracy_train": 0.6837847344354555, "loglikelihood_train": 0.9196671700026131, "accuracy_test": 0.6525096525096525, "loglikelihood_test": 0.8777531227179333, "test_loss": 0.5047132839671279, "_wandb": {"runtime": 736}}