{"sequence_loss": 11.070363159926005, "epoch": 50, "_timestamp": 1706216064.762453, "_runtime": 477.5939111709595, "_step": 6199, "accuracy_train": 0.6823777699613085, "gpa_train": 0.8160393950052761, "mae_train": 0.307349770705632, "accuracy_test": 0.6731016731016731, "gpa_test": 0.3263157894736842, "mae_test": 0.3831138376103405, "test_loss": 0.3629812634212929, "_wandb": {"runtime": 476}}