{"sequence_loss": 13.678814622917947, "epoch": 50, "_timestamp": 1706189156.1987398, "_runtime": 554.9043238162994, "_step": 6199, "accuracy_train": 0.6239887442842068, "gpa_train": 0.7762926486106225, "mae_train": 0.34754817942016525, "accuracy_test": 0.6151866151866152, "gpa_test": 0.28421052631578947, "mae_test": 0.395369494130099, "test_loss": 0.7843230789828253, "_wandb": {"runtime": 554}}