{"sequence_loss": -4.566598892211914, "epoch": 50, "_timestamp": 1706139028.5795236, "_runtime": 478.1525876522064, "_step": 6199, "accuracy_train": 0.680267323250088, "loglikelihood_train": 0.9082730169729102, "rmse_train": 0.7612509991225925, "accuracy_test": 0.6692406692406693, "loglikelihood_test": 0.8745385123565134, "rmse_test": 1.007505467454132, "test_loss": 0.019435901817066215, "_wandb": {"runtime": 476}}