{"batch_loss": 51.84340286254883, "epoch": 1, "_timestamp": 1705587422.0858147, "_runtime": 10.710655689239502, "_step": 120, "_wandb": {"runtime": 10}}