{"sequence_loss": 4.654195333755485, "epoch": 50, "_timestamp": 1706478194.8828635, "_runtime": 505.26230549812317, "_step": 6199, "accuracy_train": 0.6528315160042208, "gpa_train": 0.8012662680267323, "mae_train": 0.43466560563024736, "accuracy_test": 0.6447876447876448, "gpa_test": 0.29473684210526313, "mae_test": 0.4871848649806804, "test_loss": 0.6120429961232775, "_wandb": {"runtime": 504}}