{"sequence_loss": -5.020949661061181, "epoch": 50, "_timestamp": 1706217089.7562215, "_runtime": 512.0784375667572, "_step": 6199, "accuracy_train": 0.7006683081252199, "gpa_train": 0.8185015828350334, "mae_train": 0.3062237205951515, "accuracy_test": 0.667953667953668, "gpa_test": 0.3368421052631579, "mae_test": 0.38583324728785334, "test_loss": 0.36859646550545494, "_wandb": {"runtime": 511}}