{"sequence_loss": 11.1375647479731, "epoch": 50, "_timestamp": 1706494347.7788393, "_runtime": 508.0960524082184, "_step": 6199, "accuracy_train": 0.7266971508969399, "gpa_train": 0.8301090397467464, "mae_train": 0.4187213490640786, "accuracy_test": 0.6743886743886743, "gpa_test": 0.3368421052631579, "mae_test": 0.538721337588444, "test_loss": 0.413100258050464, "_wandb": {"runtime": 507}}