{"sequence_loss": 13.259633401823955, "epoch": 50, "_timestamp": 1706505590.59624, "_runtime": 542.6229021549225, "_step": 6199, "accuracy_train": 0.6644389729159339, "gpa_train": 0.8170946183608864, "mae_train": 0.43145635486110345, "accuracy_test": 0.640926640926641, "gpa_test": 0.3263157894736842, "mae_test": 0.5525170296162099, "test_loss": 0.5497433394738475, "_wandb": {"runtime": 542}}