{"sequence_loss": -13.68415355682373, "epoch": 50, "_timestamp": 1706153444.397311, "_runtime": 488.80496406555176, "_step": 6199, "accuracy_train": 0.7066479071403448, "loglikelihood_train": 0.987126614977943, "rmse_train": 0.8119811495133942, "accuracy_test": 0.6653796653796654, "loglikelihood_test": 0.9506012264606172, "rmse_test": 1.0060654565802485, "test_loss": -0.007907852794216798, "_wandb": {"runtime": 488}}