{"sequence_loss": -0.5020796950564153, "epoch": 50, "_timestamp": 1706236267.4717977, "_runtime": 516.3782396316528, "_step": 6199, "accuracy_train": 0.7249384453042561, "gpa_train": 0.8297572986282097, "mae_train": 0.2688608883637339, "accuracy_test": 0.6731016731016731, "gpa_test": 0.3263157894736842, "mae_test": 0.36008009210976855, "test_loss": 0.25681597318486776, "_wandb": {"runtime": 514}}