{"sequence_loss": 30.94001114582597, "epoch": 50, "_timestamp": 1706251307.5602489, "_runtime": 796.887443780899, "_step": 6199, "accuracy_train": 0.32676749912064723, "gpa_train": 0.49208582483292296, "mae_train": 0.4065607166021926, "accuracy_test": 0.3333333333333333, "gpa_test": 0.11578947368421053, "mae_test": 0.46692741346788835, "test_loss": 1.4164515716675736, "_wandb": {"runtime": 795}}