{"sequence_loss": 9.717858837268544, "epoch": 50, "_timestamp": 1706496543.5508523, "_runtime": 455.19065141677856, "_step": 6199, "accuracy_train": 0.6855434400281393, "gpa_train": 0.8188533239535701, "mae_train": 0.4392184137752934, "accuracy_test": 0.6628056628056628, "gpa_test": 0.3368421052631579, "mae_test": 0.48439063329340715, "test_loss": 0.44319727683981275, "_wandb": {"runtime": 454}}