{"time_loss_train": -5.00512170791626, "type_loss_train": 0.9327089786529541, "train_loss": -4.072412490844727, "_timestamp": 1706166226.1930165, "_runtime": 936.8665676116943, "_step": 149, "time_loss_test": -3.78934383392334, "type_loss_test": 1.0289710760116577, "test_loss": -2.7603726387023926, "_wandb": {"runtime": 936}}