{"sequence_loss": 6.375416278839111, "epoch": 50, "_timestamp": 1706135931.0383098, "_runtime": 553.0166428089142, "_step": 6199, "accuracy_train": 0.6820260288427717, "loglikelihood_train": 0.9358776692767956, "rmse_train": 0.780648203018178, "accuracy_test": 0.6576576576576577, "loglikelihood_test": 0.8992509483236127, "rmse_test": 1.0573330732336925, "test_loss": 0.02218789350142521, "_wandb": {"runtime": 552}}