{"sequence_loss": 4.705408198663811, "epoch": 50, "_timestamp": 1706213168.030122, "_runtime": 554.6518230438232, "_step": 6199, "accuracy_train": 0.6862469222652128, "gpa_train": 0.8047836792120999, "mae_train": 0.30122535567530184, "accuracy_test": 0.6473616473616474, "gpa_test": 0.3157894736842105, "mae_test": 0.37422820868179146, "test_loss": 0.40680556606279944, "_wandb": {"runtime": 554}}