{"sequence_loss": 21.285640716552734, "epoch": 5, "_timestamp": 1705687689.723604, "_runtime": 48.41045904159546, "_step": 617, "accuracy_train": 0.6173056630320084, "loglikelihood_train": 0.6853647598963727, "rmse_train": 0.8138675600536077, "accuracy_test": 0.6190476190476191, "loglikelihood_test": 0.6621544450785206, "rmse_test": 1.0509302647283554, "test_loss": 0.3848000505065496, "_wandb": {"runtime": 49}}