{"sequence_loss": -3.2652745246887207, "epoch": 50, "_timestamp": 1706128566.895139, "_runtime": 489.56323409080505, "_step": 6199, "accuracy_train": 0.680267323250088, "loglikelihood_train": 0.9160499352035775, "rmse_train": 0.799241166635068, "accuracy_test": 0.6743886743886743, "loglikelihood_test": 0.8864276261456245, "rmse_test": 0.9978531227372174, "test_loss": 0.0011102784655790414, "_wandb": {"runtime": 489}}