{"sequence_loss": 3.016398482901635, "epoch": 50, "_timestamp": 1706215122.0165386, "_runtime": 509.31570172309875, "_step": 6199, "accuracy_train": 0.6669011607456912, "gpa_train": 0.8132254660569821, "mae_train": 0.3233314519862746, "accuracy_test": 0.640926640926641, "gpa_test": 0.3263157894736842, "mae_test": 0.38881548598619653, "test_loss": 0.4773489811400318, "_wandb": {"runtime": 508}}