{"sequence_loss": -0.4480988383293152, "epoch": 50, "_timestamp": 1706131667.631187, "_runtime": 532.6255609989166, "_step": 6199, "accuracy_train": 0.722124516355962, "loglikelihood_train": 0.9833876171519099, "rmse_train": 0.7667421333560788, "accuracy_test": 0.6808236808236808, "loglikelihood_test": 0.9474235973526947, "rmse_test": 1.0409171808342905, "test_loss": -0.031754593142365985, "_wandb": {"runtime": 532}}