{"sequence_loss": 6.438133031809395, "epoch": 50, "_timestamp": 1706475185.7961948, "_runtime": 517.8900818824768, "_step": 6199, "accuracy_train": 0.6915230390432642, "gpa_train": 0.8075976081603939, "mae_train": 0.4287473402348699, "accuracy_test": 0.6653796653796654, "gpa_test": 0.3368421052631579, "mae_test": 0.4739556076290371, "test_loss": 0.4475231957949545, "_wandb": {"runtime": 517}}