{"sequence_loss": 11.733374082559632, "epoch": 50, "_timestamp": 1706204349.7460752, "_runtime": 509.0024461746216, "_step": 6199, "accuracy_train": 0.658459373900809, "gpa_train": 0.8023214913823425, "mae_train": 0.3280507199075748, "accuracy_test": 0.6563706563706564, "gpa_test": 0.3157894736842105, "mae_test": 0.3827855544047313, "test_loss": 0.46668799360965546, "_wandb": {"runtime": 508}}