{"time_loss_train": -4.935480117797852, "type_loss_train": 0.8924590945243835, "train_loss": -4.043021202087402, "_timestamp": 1706183173.7057586, "_runtime": 501.994916677475, "_step": 149, "time_loss_test": -2.5945024490356445, "type_loss_test": 1.03475821018219, "test_loss": -1.5597442388534546, "_wandb": {"runtime": 501}}