{"sequence_loss": 3.480679420714573, "epoch": 50, "_timestamp": 1706485911.3038695, "_runtime": 455.08883142471313, "_step": 6199, "accuracy_train": 0.707703130495955, "gpa_train": 0.8241294407316215, "mae_train": 0.4707575625112012, "accuracy_test": 0.6885456885456885, "gpa_test": 0.3368421052631579, "mae_test": 0.5040389199668069, "test_loss": 0.42595453804278915, "_wandb": {"runtime": 454}}