{"sequence_loss": -3.303522292221185, "epoch": 50, "_timestamp": 1706476139.2043815, "_runtime": 476.44847345352173, "_step": 6199, "accuracy_train": 0.7168483995779107, "gpa_train": 0.823425958494548, "mae_train": 0.4082153195694136, "accuracy_test": 0.6911196911196911, "gpa_test": 0.3368421052631579, "mae_test": 0.47554962162498954, "test_loss": 0.3976005287964136, "_wandb": {"runtime": 475}}