{"sequence_loss": -7.467860698699951, "epoch": 50, "_timestamp": 1706122921.1051598, "_runtime": 530.2872886657715, "_step": 6199, "accuracy_train": 0.6574041505451987, "loglikelihood_train": 0.8870323185165401, "rmse_train": 0.842585028408208, "accuracy_test": 0.6422136422136422, "loglikelihood_test": 0.8541456155017414, "rmse_test": 1.0525808880895808, "test_loss": 0.11706472260762105, "_wandb": {"runtime": 529}}