{"sequence_loss": 9.2821471715989, "epoch": 50, "_timestamp": 1706207332.7853003, "_runtime": 479.85653734207153, "_step": 6199, "accuracy_train": 0.6173056630320084, "gpa_train": 0.7762926486106225, "mae_train": 0.3477782819877407, "accuracy_test": 0.6113256113256114, "gpa_test": 0.29473684210526313, "mae_test": 0.3966259361080528, "test_loss": 0.6825997846665689, "_wandb": {"runtime": 479}}