{"sequence_loss": -12.97315502166748, "epoch": 50, "_timestamp": 1706155173.8056715, "_runtime": 589.0942964553833, "_step": 6199, "accuracy_train": 0.6992613436510728, "loglikelihood_train": 0.9945435814933444, "rmse_train": 0.7820977070197376, "accuracy_test": 0.6731016731016731, "loglikelihood_test": 0.955563359555945, "rmse_test": 1.0352575179085668, "test_loss": -0.03564227573507655, "_wandb": {"runtime": 588}}