{"sequence_loss": -10.15477180480957, "epoch": 50, "_timestamp": 1706145872.6160893, "_runtime": 532.3866124153137, "_step": 6199, "accuracy_train": 0.6799155821315512, "loglikelihood_train": 0.9355195460822584, "rmse_train": 0.781465732268977, "accuracy_test": 0.6512226512226512, "loglikelihood_test": 0.8990761938348281, "rmse_test": 1.0355930682546781, "test_loss": 0.023829627617270546, "_wandb": {"runtime": 531}}