{"sequence_loss": 4.203778801192794, "epoch": 25, "_timestamp": 1705688417.9212725, "_runtime": 249.90979051589966, "_step": 3001, "accuracy_train": 0.6512226512226512, "gpa": 0.3263157894736842, "mae": 0.3767323891321818, "test_loss": 0.39901183222414005, "_wandb": {"runtime": 254}}