{"sequence_loss": 21.044537119061744, "epoch": 50, "_timestamp": 1706466421.9580772, "_runtime": 516.0302081108093, "_step": 6199, "accuracy_train": 0.5666549419627155, "gpa_train": 0.7238832219486458, "mae_train": 0.47524864850562515, "accuracy_test": 0.5482625482625483, "gpa_test": 0.2631578947368421, "mae_test": 0.5639514806494597, "test_loss": 1.014893907402877, "_wandb": {"runtime": 515}}