{"sequence_loss": -2.5155287403164825, "epoch": 50, "_timestamp": 1706463855.1101146, "_runtime": 473.69358348846436, "_step": 6199, "accuracy_train": 0.6922265212803377, "gpa_train": 0.8139289482940556, "mae_train": 0.42001674592893307, "accuracy_test": 0.667953667953668, "gpa_test": 0.3263157894736842, "mae_test": 0.4799745448000796, "test_loss": 0.44451534398039816, "_wandb": {"runtime": 473}}