{"sequence_loss": -3.2757513523101807, "epoch": 50, "_timestamp": 1706117157.043927, "_runtime": 518.9539248943329, "_step": 6199, "accuracy_train": 0.6661976785086177, "loglikelihood_train": 0.8255561528207305, "rmse_train": 0.8182659449648524, "accuracy_test": 0.6486486486486487, "loglikelihood_test": 0.8168563114858307, "rmse_test": 1.034768826446339, "test_loss": 0.1118156549941122, "_wandb": {"runtime": 518}}