{"sequence_loss": -7.783747673034668, "epoch": 50, "_timestamp": 1706155872.949365, "_runtime": 682.7571399211884, "_step": 6199, "accuracy_train": 0.6967991558213155, "loglikelihood_train": 0.9994624283781702, "rmse_train": 0.7397233511517448, "accuracy_test": 0.6615186615186616, "loglikelihood_test": 0.940145744686633, "rmse_test": 1.0355265859773344, "test_loss": 0.06647815878412365, "_wandb": {"runtime": 682}}