{"sequence_loss": -8.363726615905762, "epoch": 50, "_timestamp": 1706129616.3571458, "_runtime": 521.2632267475128, "_step": 6199, "accuracy_train": 0.6999648258881463, "loglikelihood_train": 0.9195375270516728, "rmse_train": 0.798121719145269, "accuracy_test": 0.6756756756756757, "loglikelihood_test": 0.8904396685878787, "rmse_test": 1.0135559463670205, "test_loss": -0.006177967364809155, "_wandb": {"runtime": 520}}