{"sequence_loss": -6.20287987384755, "epoch": 50, "_timestamp": 1706116311.7205915, "_runtime": 496.5264744758606, "_step": 6199, "accuracy_train": 0.6669011607456912, "gpa_train": 0.8114667604642983, "mae_train": 0.3264077594487381, "accuracy_test": 0.6473616473616474, "gpa_test": 0.3263157894736842, "mae_test": 0.38161310081776506, "test_loss": 0.4681477188754644, "_wandb": {"runtime": 496}}