{"sequence_loss": 6.04650352924849, "epoch": 50, "_timestamp": 1706234617.3993835, "_runtime": 506.96027064323425, "_step": 6199, "accuracy_train": 0.710517059444249, "gpa_train": 0.8213155117833275, "mae_train": 0.2840074069727234, "accuracy_test": 0.676962676962677, "gpa_test": 0.3368421052631579, "mae_test": 0.36686443960344467, "test_loss": 0.28575237434074924, "_wandb": {"runtime": 506}}