{"sequence_loss": 11.010269661734275, "epoch": 50, "_timestamp": 1706219065.91144, "_runtime": 523.8760788440704, "_step": 6199, "accuracy_train": 0.722124516355962, "gpa_train": 0.8202602884277173, "mae_train": 0.2900671229746574, "accuracy_test": 0.6924066924066924, "gpa_test": 0.3368421052631579, "mae_test": 0.37306078551205274, "test_loss": 0.31167690344279436, "_wandb": {"runtime": 523}}