{"sequence_loss": 21.16447732420005, "epoch": 50, "_timestamp": 1706467466.7703152, "_runtime": 480.5678861141205, "_step": 6199, "accuracy_train": 0.6549419627154415, "gpa_train": 0.809004572634541, "mae_train": 0.4289814191010482, "accuracy_test": 0.6435006435006435, "gpa_test": 0.30526315789473685, "mae_test": 0.5106794903177092, "test_loss": 0.6290894788688646, "_wandb": {"runtime": 479}}