{"sequence_loss": -8.342668869763749, "epoch": 50, "_timestamp": 1706228825.4770977, "_runtime": 492.14407086372375, "_step": 6199, "accuracy_train": 0.713330988392543, "gpa_train": 0.8181498417164966, "mae_train": 0.2952990262306286, "accuracy_test": 0.6833976833976834, "gpa_test": 0.3368421052631579, "mae_test": 0.3741202093612887, "test_loss": 0.32070661451079857, "_wandb": {"runtime": 491}}