{"sequence_loss": -8.578765869140625, "epoch": 50, "_timestamp": 1706149119.9277928, "_runtime": 519.8748908042908, "_step": 6199, "accuracy_train": 0.7319732676749912, "loglikelihood_train": 1.0023828224982447, "rmse_train": 0.7537326609038678, "accuracy_test": 0.6846846846846847, "loglikelihood_test": 0.9433372843582019, "rmse_test": 1.0042252350040275, "test_loss": -0.12130250672982858, "_wandb": {"runtime": 519}}