{"sequence_loss": 4.286275946428063, "epoch": 50, "_timestamp": 1706227388.0853162, "_runtime": 511.8043351173401, "_step": 6199, "accuracy_train": 0.6820260288427717, "gpa_train": 0.8118185015828351, "mae_train": 0.306004032214846, "accuracy_test": 0.6718146718146718, "gpa_test": 0.3263157894736842, "mae_test": 0.3830112887778951, "test_loss": 0.35727994410140157, "_wandb": {"runtime": 511}}