{"sequence_loss": 13.04193575227278, "epoch": 50, "_timestamp": 1706496076.052838, "_runtime": 597.986603975296, "_step": 6199, "accuracy_train": 0.4069644741470278, "gpa_train": 0.6331340133661625, "mae_train": 0.474612623463623, "accuracy_test": 0.40540540540540543, "gpa_test": 0.16842105263157894, "mae_test": 0.5138108739521513, "test_loss": 1.1546361664102018, "_wandb": {"runtime": 597}}