{"sequence_loss": 24.563562728317244, "epoch": 50, "_timestamp": 1706507848.5615635, "_runtime": 605.8294904232025, "_step": 6199, "accuracy_train": 0.2564192754132958, "gpa_train": 0.31797397115722825, "mae_train": 0.45420305543578177, "accuracy_test": 0.24453024453024452, "gpa_test": 0.031578947368421054, "mae_test": 0.5390303236177069, "test_loss": 1.9102186530200123, "_wandb": {"runtime": 605}}