{"batch_loss": 9.842203140258789, "epoch": 5, "_timestamp": 1705591857.0019257, "_runtime": 53.99954271316528, "_step": 609, "loss": 2.5532209873199463}