{"sequence_loss": 6.147958506553324, "epoch": 50, "_timestamp": 1706464362.3352406, "_runtime": 496.17818570137024, "_step": 6199, "accuracy_train": 0.6918747801618009, "gpa_train": 0.8160393950052761, "mae_train": 0.4326084962496655, "accuracy_test": 0.6756756756756757, "gpa_test": 0.3263157894736842, "mae_test": 0.4762152456408762, "test_loss": 0.4587210463985911, "_wandb": {"runtime": 495}}