{"sequence_loss": 2.4740699087329365, "epoch": 50, "_timestamp": 1706208385.2001736, "_runtime": 527.119622707367, "_step": 6199, "accuracy_train": 0.5705240942666198, "gpa_train": 0.7724234963067182, "mae_train": 0.3662983078039158, "accuracy_test": 0.5688545688545689, "gpa_test": 0.2631578947368421, "mae_test": 0.42717853506866416, "test_loss": 0.8709841364463028, "_wandb": {"runtime": 526}}