{"sequence_loss": -1.80492267090343, "epoch": 50, "_timestamp": 1706479764.1413164, "_runtime": 479.95726346969604, "_step": 6199, "accuracy_train": 0.6869504045022863, "gpa_train": 0.8192050650721069, "mae_train": 0.41907272152694397, "accuracy_test": 0.6602316602316602, "gpa_test": 0.3263157894736842, "mae_test": 0.4778080175281952, "test_loss": 0.46820544390072893, "_wandb": {"runtime": 479}}