{"sequence_loss": -0.03619214818080785, "epoch": 50, "_timestamp": 1706211546.2458296, "_runtime": 480.18133068084717, "_step": 6199, "accuracy_train": 0.6996130847696096, "gpa_train": 0.8185015828350334, "mae_train": 0.29409417651549136, "accuracy_test": 0.6563706563706564, "gpa_test": 0.3263157894736842, "mae_test": 0.3716797314708911, "test_loss": 0.3640335204902396, "_wandb": {"runtime": 479}}