{"sequence_loss": 24.83834787030773, "epoch": 50, "_timestamp": 1706244420.3597522, "_runtime": 833.3133192062378, "_step": 6199, "accuracy_train": 0.5290186422792824, "gpa_train": 0.7949349278930707, "mae_train": 0.5048177129065868, "accuracy_test": 0.5341055341055341, "gpa_test": 0.3157894736842105, "mae_test": 0.5656937696758845, "test_loss": 0.858679562877112, "_wandb": {"runtime": 832}}