{"sequence_loss": 9.91533953549193, "epoch": 35, "_timestamp": 1705693262.9443634, "_runtime": 340.88837027549744, "_step": 4339, "accuracy_train": 0.6989096025325361, "gpa_train": 0.823425958494548, "mae_train": 0.367422134575188, "accuracy_test": 0.676962676962677, "gpa_test": 0.3368421052631579, "mae_test": 0.4272226584617389, "test_loss": 0.3921643781508456, "_wandb": {"runtime": 340}}