{"sequence_loss": 7.806059837341309, "epoch": 50, "_timestamp": 1706708879.845874, "_runtime": 521.1318981647491, "_step": 6199, "accuracy_train": 0.7168483995779107, "loglikelihood_train": 0.9909056734314974, "rmse_train": 0.7200297151887716, "accuracy_test": 0.6795366795366795, "loglikelihood_test": 0.9440068523440741, "rmse_test": 1.0376592078965505, "test_loss": -0.023576485240353946, "_wandb": {"runtime": 520}}