{"sequence_loss": 15.734177684373636, "epoch": 50, "_timestamp": 1706503989.2191856, "_runtime": 479.5158176422119, "_step": 6199, "accuracy_train": 0.6989096025325361, "gpa_train": 0.8251846640872318, "mae_train": 0.4248143672272222, "accuracy_test": 0.6576576576576577, "gpa_test": 0.3368421052631579, "mae_test": 0.47741537158553665, "test_loss": 0.4264150395850913, "_wandb": {"runtime": 478}}