{"time_loss_train": -4.1864542961120605, "type_loss_train": 1.3042700290679932, "train_loss": -2.8821842670440674, "_timestamp": 1706153294.7599845, "_runtime": 495.1781575679779, "_step": 149, "time_loss_test": -0.9419731497764587, "type_loss_test": 1.3866537809371948, "test_loss": 0.4446806311607361, "_wandb": {"runtime": 494}}