{"sequence_loss": 14.606225491904214, "epoch": 50, "_timestamp": 1706464898.8554332, "_runtime": 525.7402453422546, "_step": 6199, "accuracy_train": 0.7031304959549771, "gpa_train": 0.8230742173760113, "mae_train": 0.43543157181687814, "accuracy_test": 0.6692406692406693, "gpa_test": 0.3263157894736842, "mae_test": 0.5114093153633206, "test_loss": 0.4618931213003768, "_wandb": {"runtime": 525}}