{"sequence_loss": 18.600481137958866, "epoch": 50, "_timestamp": 1706507233.5763652, "_runtime": 570.6804211139679, "_step": 6199, "accuracy_train": 0.5149489975378122, "gpa_train": 0.7608160393950053, "mae_train": 0.45582976493875704, "accuracy_test": 0.510939510939511, "gpa_test": 0.29473684210526313, "mae_test": 0.5019987425748906, "test_loss": 0.8156563446309838, "_wandb": {"runtime": 570}}