{"sequence_loss": 20.567530912495148, "epoch": 50, "_timestamp": 1706484918.6745787, "_runtime": 495.63936257362366, "_step": 6199, "accuracy_train": 0.6848399577910658, "gpa_train": 0.8163911361238129, "mae_train": 0.4253284684629705, "accuracy_test": 0.6666666666666666, "gpa_test": 0.3368421052631579, "mae_test": 0.5358389654368201, "test_loss": 0.5029358561736362, "_wandb": {"runtime": 495}}