{"batch_loss": 20.463367462158203, "epoch": 100, "_timestamp": 1705589897.5128736, "_runtime": 1000.7486746311188, "_step": 12099, "_wandb": {"runtime": 1003}}