{"sequence_loss": -4.516299247741699, "epoch": 50, "_timestamp": 1706122377.6864693, "_runtime": 518.6025192737579, "_step": 6199, "accuracy_train": 0.6633837495603236, "loglikelihood_train": 0.8816800597626273, "rmse_train": 0.8535858198680641, "accuracy_test": 0.640926640926641, "loglikelihood_test": 0.8466937520862681, "rmse_test": 1.0574920276728166, "test_loss": 0.11649976433378405, "_wandb": {"runtime": 517}}