{"sequence_loss": 6.024830810386318, "epoch": 50, "_timestamp": 1706248018.422799, "_runtime": 516.7459061145782, "_step": 6199, "accuracy_train": 0.719310587407668, "gpa_train": 0.8304607808652832, "mae_train": 0.265414383014742, "accuracy_test": 0.6756756756756757, "gpa_test": 0.3368421052631579, "mae_test": 0.3611470397988495, "test_loss": 0.2655386534119126, "_wandb": {"runtime": 516}}