{"sequence_loss": -7.797888911422383, "epoch": 50, "_timestamp": 1706230915.15015, "_runtime": 537.5345480442047, "_step": 6199, "accuracy_train": 0.7098135772071755, "gpa_train": 0.822018994020401, "mae_train": 0.28504545249194274, "accuracy_test": 0.6743886743886743, "gpa_test": 0.3368421052631579, "mae_test": 0.37355567420925107, "test_loss": 0.3074666605008422, "_wandb": {"runtime": 537}}