{"batch_loss": 22.41253089904785, "epoch": 67, "_timestamp": 1705590570.4882107, "_runtime": 660.7241356372833, "_step": 8106, "_wandb": {"runtime": 663}}