{"sequence_loss": 36.0374910765819, "epoch": 50, "_timestamp": 1706197569.5421054, "_runtime": 482.47851634025574, "_step": 6199, "accuracy_train": 0.6299683432993317, "gpa_train": 0.7822722476257474, "mae_train": 0.34722019244028657, "accuracy_test": 0.6306306306306306, "gpa_test": 0.3263157894736842, "mae_test": 0.39209850889989, "test_loss": 0.7312768689090858, "_wandb": {"runtime": 480}}