{"batch_loss": 7.594789505004883, "epoch": 70, "_timestamp": 1705666144.7517724, "_runtime": 716.5706005096436, "_step": 8679, "accuracy_train": 0.6521280337671473, "loglikelihood_train": 0.7773702877722312, "accuracy_test": 0.6447876447876448, "loglikelihood_test": 0.7415226070226821, "test_loss": 0.307187776122473, "_wandb": {"runtime": 716}}