{"sequence_loss": -8.515983581542969, "epoch": 50, "_timestamp": 1706123481.9560142, "_runtime": 550.5228340625763, "_step": 6199, "accuracy_train": 0.6440379880408019, "loglikelihood_train": 0.8813459925512527, "rmse_train": 0.8426702395198029, "accuracy_test": 0.6267696267696268, "loglikelihood_test": 0.8519359953635561, "rmse_test": 1.0675008696839126, "test_loss": 0.15146393981655087, "_wandb": {"runtime": 549}}