{"sequence_loss": -2.826130301251368, "epoch": 50, "_timestamp": 1706241572.9422228, "_runtime": 537.7871768474579, "_step": 6199, "accuracy_train": 0.7006683081252199, "gpa_train": 0.8199085473091804, "mae_train": 0.291989213683175, "accuracy_test": 0.6718146718146718, "gpa_test": 0.3263157894736842, "mae_test": 0.3776606309061038, "test_loss": 0.30445029113210736, "_wandb": {"runtime": 537}}