{"sequence_loss": 23.708316354629638, "epoch": 50, "_timestamp": 1706249163.1720307, "_runtime": 576.8686757087708, "_step": 6199, "accuracy_train": 0.531129088990503, "gpa_train": 0.7682026028842772, "mae_train": 0.36154483006615223, "accuracy_test": 0.5238095238095238, "gpa_test": 0.3157894736842105, "mae_test": 0.4238205694016956, "test_loss": 0.7295374380203724, "_wandb": {"runtime": 576}}