{"batch_loss": 22.224592208862305, "epoch": 13, "_timestamp": 1705592300.9914067, "_runtime": 134.02962279319763, "_step": 1585, "loss": 0.36809993247588246, "_wandb": {"runtime": 136}}