{"sequence_loss": -4.432788725549143, "epoch": 50, "_timestamp": 1706240504.423075, "_runtime": 476.516459941864, "_step": 6199, "accuracy_train": 0.7013717903622934, "gpa_train": 0.8213155117833275, "mae_train": 0.3232447655738511, "accuracy_test": 0.685971685971686, "gpa_test": 0.3368421052631579, "mae_test": 0.38101426867751387, "test_loss": 0.3267212779077434, "_wandb": {"runtime": 475}}