{"sequence_loss": 1.366411805152893, "epoch": 50, "_timestamp": 1706146936.866785, "_runtime": 489.29691314697266, "_step": 6199, "accuracy_train": 0.7203658107632782, "loglikelihood_train": 0.9749968545659727, "rmse_train": 0.7829179411425934, "accuracy_test": 0.6705276705276705, "loglikelihood_test": 0.919559121131897, "rmse_test": 1.0202166941913051, "test_loss": -0.060931610388565906, "_wandb": {"runtime": 488}}