{"sequence_loss": 2.4817628860473633, "epoch": 50, "_timestamp": 1706115127.414972, "_runtime": 537.7956790924072, "_step": 6199, "accuracy_train": 0.6236370031656701, "loglikelihood_train": 0.6703877735682569, "rmse_train": 0.8521761961297547, "accuracy_test": 0.6229086229086229, "loglikelihood_test": 0.6621096941222132, "rmse_test": 1.0578454676155493, "test_loss": 0.3791796901320989, "_wandb": {"runtime": 537}}