{"sequence_loss": 4.31222531509617, "epoch": 50, "_timestamp": 1706246925.5520968, "_runtime": 531.7116007804871, "_step": 6199, "accuracy_train": 0.6922265212803377, "gpa_train": 0.8199085473091804, "mae_train": 0.2829734259745289, "accuracy_test": 0.6525096525096525, "gpa_test": 0.3263157894736842, "mae_test": 0.3729429392280726, "test_loss": 0.34319056231024975, "_wandb": {"runtime": 530}}