{"sequence_loss": -5.234568119049072, "epoch": 50, "_timestamp": 1706125610.7258103, "_runtime": 558.2577443122864, "_step": 6199, "accuracy_train": 0.6795638410130144, "loglikelihood_train": 0.9422237601479432, "rmse_train": 0.8235654697576584, "accuracy_test": 0.6447876447876448, "loglikelihood_test": 0.9032775881016148, "rmse_test": 1.033221376690448, "test_loss": 0.045582581756521114, "_wandb": {"runtime": 557}}