{"sequence_loss": 9.879563813087474, "epoch": 50, "_timestamp": 1706506104.9107523, "_runtime": 503.8968143463135, "_step": 6199, "accuracy_train": 0.7175518818149842, "gpa_train": 0.8258881463243053, "mae_train": 0.40083541284763097, "accuracy_test": 0.6795366795366795, "gpa_test": 0.3368421052631579, "mae_test": 0.4776697430371318, "test_loss": 0.3624198926640661, "_wandb": {"runtime": 503}}