{"sequence_loss": -5.46083520411565, "epoch": 35, "_timestamp": 1705692532.2219713, "_runtime": 350.4296061992645, "_step": 4339, "accuracy_train": 0.6925782623988744, "gpa_train": 0.8209637706647908, "mae_train": 0.41424990723429117, "accuracy_test": 0.6782496782496783, "gpa_test": 0.3368421052631579, "mae_test": 0.4777066910128796, "test_loss": 0.42334372739704007, "_wandb": {"runtime": 349}}