{"sequence_loss": 9.424800756237826, "epoch": 50, "_timestamp": 1706225879.7128103, "_runtime": 453.8017313480377, "_step": 6199, "accuracy_train": 0.6855434400281393, "gpa_train": 0.8181498417164966, "mae_train": 0.30182029133399857, "accuracy_test": 0.6602316602316602, "gpa_test": 0.3368421052631579, "mae_test": 0.38313912470828615, "test_loss": 0.4054667608697021, "_wandb": {"runtime": 453}}