{"batch_loss": 10.266984939575195, "epoch": 70, "_timestamp": 1705669837.219427, "_runtime": 713.4367032051086, "_step": 8679, "accuracy_train": 0.6978543791769258, "loglikelihood_train": 0.8827760213124419, "accuracy_test": 0.6563706563706564, "loglikelihood_test": 0.8406465612681566, "test_loss": 0.07501586724435334, "_wandb": {"runtime": 712}}