{"sequence_loss": -2.7684574127197266, "epoch": 50, "_timestamp": 1706115609.1261733, "_runtime": 469.3907222747803, "_step": 6199, "accuracy_train": 0.6602180794934928, "loglikelihood_train": 0.8325485020813227, "rmse_train": 0.8137832111315016, "accuracy_test": 0.6550836550836551, "loglikelihood_test": 0.8125882739514376, "rmse_test": 1.0069745542966488, "test_loss": 0.09649377500852652, "_wandb": {"runtime": 468}}