{"sequence_loss": -0.14635459302752718, "epoch": 35, "_timestamp": 1705691803.7239218, "_runtime": 339.89875769615173, "_step": 4339, "accuracy_train": 0.6820260288427717, "gpa_train": 0.8160393950052761, "mae_train": 0.3664322644943844, "accuracy_test": 0.6731016731016731, "gpa_test": 0.3368421052631579, "mae_test": 0.4154604044353333, "test_loss": 0.39737583775769675, "_wandb": {"runtime": 339}}