{"sequence_loss": 19.52500343322754, "epoch": 50, "_timestamp": 1706133787.5679398, "_runtime": 553.1120467185974, "_step": 6199, "accuracy_train": 0.6366514245515301, "loglikelihood_train": 0.8714073744126902, "rmse_train": 0.8300892725075213, "accuracy_test": 0.6190476190476191, "loglikelihood_test": 0.8374900364242823, "rmse_test": 1.0599739220705204, "test_loss": 0.1830508990493496, "_wandb": {"runtime": 552}}