{"time_loss_train": -4.601664066314697, "type_loss_train": 1.1761045455932617, "train_loss": -3.4255595207214355, "_timestamp": 1706140972.3158586, "_runtime": 512.9298396110535, "_step": 149, "time_loss_test": -0.6617976427078247, "type_loss_test": 1.2251311540603638, "test_loss": 0.5633335113525391, "_wandb": {"runtime": 512}}