{"sequence_loss": 3.1404198593727983, "epoch": 50, "_timestamp": 1706481373.3268042, "_runtime": 544.4005482196808, "_step": 6199, "accuracy_train": 0.6676046429827647, "gpa_train": 0.8068941259233204, "mae_train": 0.4253764102629193, "accuracy_test": 0.6512226512226512, "gpa_test": 0.3157894736842105, "mae_test": 0.4918303953021036, "test_loss": 0.5149825538582073, "_wandb": {"runtime": 543}}