{"sequence_loss": 20.066608428955078, "epoch": 50, "_timestamp": 1706133224.6001873, "_runtime": 528.9161252975464, "_step": 6199, "accuracy_train": 0.6479071403447063, "loglikelihood_train": 0.8809910646099782, "rmse_train": 0.8562834343728557, "accuracy_test": 0.6332046332046332, "loglikelihood_test": 0.8501779495087345, "rmse_test": 1.0655128230720634, "test_loss": 0.1337431955390272, "_wandb": {"runtime": 528}}