{"sequence_loss": -3.4608598597558498, "epoch": 50, "_timestamp": 1706242157.828437, "_runtime": 573.8135991096497, "_step": 6199, "accuracy_train": 0.6964474147027787, "gpa_train": 0.8237776996130848, "mae_train": 0.30151573067771437, "accuracy_test": 0.6576576576576577, "gpa_test": 0.3368421052631579, "mae_test": 0.3841613699877431, "test_loss": 0.3197893501333486, "_wandb": {"runtime": 573}}