{"sequence_loss": 7.12510405090092, "epoch": 35, "_timestamp": 1705691076.390166, "_runtime": 352.0553719997406, "_step": 4339, "accuracy_train": 0.7055926837847344, "gpa_train": 0.8227224762574745, "mae_train": 0.2930267970410192, "accuracy_test": 0.6692406692406693, "gpa_test": 0.3368421052631579, "mae_test": 0.3789499335307412, "test_loss": 0.3391828582729711, "_wandb": {"runtime": 351}}