{"sequence_loss": 23.31744980747579, "epoch": 50, "_timestamp": 1706479276.2198331, "_runtime": 540.7699122428894, "_step": 6199, "accuracy_train": 0.6257474498768906, "gpa_train": 0.771368272951108, "mae_train": 0.4550509314448155, "accuracy_test": 0.6138996138996139, "gpa_test": 0.29473684210526313, "mae_test": 0.5472169259953836, "test_loss": 0.7605288282171161, "_wandb": {"runtime": 540}}