{"sequence_loss": 1.3685269759456702, "epoch": 50, "_timestamp": 1706491736.2830124, "_runtime": 545.1855223178864, "_step": 6199, "accuracy_train": 0.6630320084417869, "gpa_train": 0.8068941259233204, "mae_train": 0.4314714845032747, "accuracy_test": 0.6447876447876448, "gpa_test": 0.3157894736842105, "mae_test": 0.49080546896430055, "test_loss": 0.5107362762642877, "_wandb": {"runtime": 544}}