{"sequence_loss": 0.025256038064190633, "epoch": 50, "_timestamp": 1706462365.8119843, "_runtime": 497.79406929016113, "_step": 6199, "accuracy_train": 0.6619767850861765, "gpa_train": 0.8061906436862469, "mae_train": 0.4423502085286884, "accuracy_test": 0.6473616473616474, "gpa_test": 0.3263157894736842, "mae_test": 0.4954513747106034, "test_loss": 0.595693863699673, "_wandb": {"runtime": 497}}