{"sequence_loss": 23.954441814267163, "epoch": 50, "_timestamp": 1706491183.3498232, "_runtime": 532.6230671405792, "_step": 6199, "accuracy_train": 0.6683081252198382, "gpa_train": 0.8009145269081955, "mae_train": 0.44927739845461045, "accuracy_test": 0.6499356499356499, "gpa_test": 0.3157894736842105, "mae_test": 0.5073022567780935, "test_loss": 0.526102391918968, "_wandb": {"runtime": 532}}