{"sequence_loss": -4.590851137631521, "epoch": 50, "_timestamp": 1706459353.2099326, "_runtime": 462.56343150138855, "_step": 6199, "accuracy_train": 0.6229335209285966, "gpa_train": 0.7791065775589167, "mae_train": 0.4692933843708609, "accuracy_test": 0.6254826254826255, "gpa_test": 0.3157894736842105, "mae_test": 0.48844207713962984, "test_loss": 0.8738153010171279, "_wandb": {"runtime": 458}}