{"sequence_loss": -6.598423480987549, "epoch": 50, "_timestamp": 1706123980.4757504, "_runtime": 485.8897385597229, "_step": 6199, "accuracy_train": 0.706296166021808, "loglikelihood_train": 0.9406525867279851, "rmse_train": 0.790140735483476, "accuracy_test": 0.6628056628056628, "loglikelihood_test": 0.8983599696539145, "rmse_test": 1.0123852189604716, "test_loss": -0.02101010479758271, "_wandb": {"runtime": 485}}