{"sequence_loss": -1.1665685279430686, "epoch": 50, "_timestamp": 1706504506.1968615, "_runtime": 507.7908205986023, "_step": 6199, "accuracy_train": 0.680267323250088, "gpa_train": 0.8177981005979599, "mae_train": 0.42722566912721843, "accuracy_test": 0.6640926640926641, "gpa_test": 0.3368421052631579, "mae_test": 0.4845551534662529, "test_loss": 0.4280072598492053, "_wandb": {"runtime": 507}}