{"sequence_loss": 1.3561152219772339, "epoch": 50, "_timestamp": 1706159073.7402203, "_runtime": 490.9835283756256, "_step": 6199, "accuracy_train": 0.7038339781920506, "loglikelihood_train": 0.9651631526413859, "rmse_train": 0.7657933829235716, "accuracy_test": 0.6666666666666666, "loglikelihood_test": 0.9104040576293405, "rmse_test": 1.015816731299097, "test_loss": -0.03560700280740198, "_wandb": {"runtime": 490}}