{"sequence_loss": 72.81541444609695, "epoch": 50, "_timestamp": 1706511176.0812414, "_runtime": 957.2428524494171, "_step": 6199, "accuracy_train": 0.2747098135772072, "gpa_train": 0.38339781920506505, "mae_train": 0.46055950910492427, "accuracy_test": 0.25353925353925355, "gpa_test": 0.06315789473684211, "mae_test": 0.5233514080329905, "test_loss": 1.7641995497108596, "_wandb": {"runtime": 956}}