{"sequence_loss": -13.829607009887695, "epoch": 50, "_timestamp": 1706153989.0283272, "_runtime": 526.3388242721558, "_step": 6199, "accuracy_train": 0.7168483995779107, "loglikelihood_train": 1.0027490575140863, "rmse_train": 0.7589689843745259, "accuracy_test": 0.6743886743886743, "loglikelihood_test": 0.9598304803392529, "rmse_test": 1.013735212719538, "test_loss": -0.028576586197699066, "_wandb": {"runtime": 525}}