{"sequence_loss": -17.824491500854492, "epoch": 50, "_timestamp": 1706143692.0019755, "_runtime": 553.7973926067352, "_step": 6199, "accuracy_train": 0.720717551881815, "loglikelihood_train": 1.0075893035191548, "rmse_train": 0.7515276406532484, "accuracy_test": 0.6808236808236808, "loglikelihood_test": 0.9571876810715262, "rmse_test": 1.0308026419498613, "test_loss": -0.01678255147638574, "_wandb": {"runtime": 553}}