{"sequence_loss": 12.85231991770171, "epoch": 50, "_timestamp": 1706495467.7630997, "_runtime": 566.4662775993347, "_step": 6199, "accuracy_train": 0.507914175167077, "gpa_train": 0.720717551881815, "mae_train": 0.44837291233144594, "accuracy_test": 0.5096525096525096, "gpa_test": 0.30526315789473685, "mae_test": 0.5013936265555128, "test_loss": 0.8507578460530693, "_wandb": {"runtime": 565}}