{"sequence_loss": 13.507277737168994, "epoch": 50, "_timestamp": 1706471647.694285, "_runtime": 452.8752739429474, "_step": 6199, "accuracy_train": 0.6626802673232501, "gpa_train": 0.8142806894125924, "mae_train": 0.4482187573187711, "accuracy_test": 0.6473616473616474, "gpa_test": 0.3157894736842105, "mae_test": 0.4909574140146125, "test_loss": 0.6012412626927577, "_wandb": {"runtime": 452}}