{"sequence_loss": 17.33082452610774, "epoch": 50, "_timestamp": 1706465385.412586, "_runtime": 476.19290685653687, "_step": 6199, "accuracy_train": 0.6109743228983469, "gpa_train": 0.7840309532184312, "mae_train": 0.4421385966511289, "accuracy_test": 0.5791505791505791, "gpa_test": 0.29473684210526313, "mae_test": 0.5228280790984401, "test_loss": 0.8840331371148293, "_wandb": {"runtime": 475}}