{"time_loss_train": -5.157205581665039, "type_loss_train": 0.8883285522460938, "train_loss": -4.268877029418945, "_timestamp": 1706168586.0912004, "_runtime": 529.4970734119415, "_step": 149, "time_loss_test": -3.5807697772979736, "type_loss_test": 1.0066444873809814, "test_loss": -2.574125289916992, "_wandb": {"runtime": 528}}