{"sequence_loss": -11.354405067003054, "epoch": 50, "_timestamp": 1706241025.2389598, "_runtime": 504.2601556777954, "_step": 6199, "accuracy_train": 0.710517059444249, "gpa_train": 0.8237776996130848, "mae_train": 0.29354662195796744, "accuracy_test": 0.6846846846846847, "gpa_test": 0.3368421052631579, "mae_test": 0.38354784948331816, "test_loss": 0.30210779946740113, "_wandb": {"runtime": 503}}