{"sequence_loss": 0.20071879225256772, "epoch": 50, "_timestamp": 1706484414.553113, "_runtime": 477.45298194885254, "_step": 6199, "accuracy_train": 0.6820260288427717, "gpa_train": 0.8139289482940556, "mae_train": 0.4179632522839289, "accuracy_test": 0.6782496782496783, "gpa_test": 0.3368421052631579, "mae_test": 0.5013697687416617, "test_loss": 0.46514715972333764, "_wandb": {"runtime": 476}}