{"time_loss_train": -5.225621223449707, "type_loss_train": 0.8789805173873901, "train_loss": -4.346640586853027, "_timestamp": 1706186427.3628669, "_runtime": 509.05264592170715, "_step": 149, "time_loss_test": -2.4357404708862305, "type_loss_test": 1.0322434902191162, "test_loss": -1.4034969806671143, "_wandb": {"runtime": 508}}