{"batch_loss": 5.1243109703063965, "epoch": 6, "_timestamp": 1705591943.723546, "_runtime": 61.412002086639404, "_step": 731, "loss": 2.5366579308284285, "_wandb": {"runtime": 61}}