{"sequence_loss": -9.705225677094596, "epoch": 50, "_timestamp": 1706487450.121118, "_runtime": 531.829076051712, "_step": 6199, "accuracy_train": 0.706296166021808, "gpa_train": 0.8244811818501583, "mae_train": 0.43685501509890184, "accuracy_test": 0.6756756756756757, "gpa_test": 0.3368421052631579, "mae_test": 0.484782616604249, "test_loss": 0.4119626889564814, "_wandb": {"runtime": 531}}