{"sequence_loss": 16.06207275390625, "epoch": 50, "_timestamp": 1706163084.7007732, "_runtime": 634.2246751785278, "_step": 6199, "accuracy_train": 0.30003517411185365, "loglikelihood_train": 0.9566681778463186, "rmse_train": 0.8606902885379036, "accuracy_test": 0.29343629343629346, "loglikelihood_test": 0.9274881540146549, "rmse_test": 1.0692362249506246, "test_loss": 1.0857659179090926, "_wandb": {"runtime": 633}}