{"sequence_loss": 21.422335670521495, "epoch": 50, "_timestamp": 1706214101.606801, "_runtime": 465.53023314476013, "_step": 6199, "accuracy_train": 0.6697150896939852, "gpa_train": 0.8047836792120999, "mae_train": 0.3175742421567838, "accuracy_test": 0.6499356499356499, "gpa_test": 0.3263157894736842, "mae_test": 0.3869715421202867, "test_loss": 0.4841744971717158, "_wandb": {"runtime": 465}}