{"sequence_loss": 1.7028206586837769, "epoch": 50, "_timestamp": 1706138072.3026075, "_runtime": 557.0199556350708, "_step": 6199, "accuracy_train": 0.6939852268730214, "loglikelihood_train": 0.984466711250124, "rmse_train": 0.8012987079893693, "accuracy_test": 0.667953667953668, "loglikelihood_test": 0.9329282625586586, "rmse_test": 1.0407491339256663, "test_loss": -0.03479943048637525, "_wandb": {"runtime": 556}}