{"sequence_loss": 8.498079114206085, "epoch": 50, "_timestamp": 1706469076.9981403, "_runtime": 540.1357634067535, "_step": 6199, "accuracy_train": 0.6253957087583538, "gpa_train": 0.7629264861062258, "mae_train": 0.4461804755422543, "accuracy_test": 0.6216216216216216, "gpa_test": 0.29473684210526313, "mae_test": 0.49088766645433973, "test_loss": 0.7122372177687203, "_wandb": {"runtime": 539}}