{"sequence_loss": -9.658935546875, "epoch": 50, "_timestamp": 1706139540.9544938, "_runtime": 500.8770258426666, "_step": 6199, "accuracy_train": 0.6918747801618009, "loglikelihood_train": 0.9059761515744356, "rmse_train": 0.7735114856793104, "accuracy_test": 0.6705276705276705, "loglikelihood_test": 0.8771572640511842, "rmse_test": 1.0014844210499587, "test_loss": 0.005613021667947811, "_wandb": {"runtime": 500}}