{"sequence_loss": -5.4014792695140645, "epoch": 50, "_timestamp": 1706477183.771363, "_runtime": 526.7266781330109, "_step": 6199, "accuracy_train": 0.7157931762223004, "gpa_train": 0.8209637706647908, "mae_train": 0.4253456280594597, "accuracy_test": 0.6833976833976834, "gpa_test": 0.3368421052631579, "mae_test": 0.6948062618726929, "test_loss": 0.5949811602877861, "_wandb": {"runtime": 526}}