{"sequence_loss": 1.496565865102271, "epoch": 50, "_timestamp": 1706470610.5393968, "_runtime": 525.4538967609406, "_step": 6199, "accuracy_train": 0.6929300035174112, "gpa_train": 0.8156876538867394, "mae_train": 0.44141112890119416, "accuracy_test": 0.6576576576576577, "gpa_test": 0.3263157894736842, "mae_test": 0.537362239842556, "test_loss": 0.5135064755309044, "_wandb": {"runtime": 524}}