{"sequence_loss": 6.569507250376722, "epoch": 50, "_timestamp": 1706501693.9046378, "_runtime": 754.1314947605133, "_step": 6199, "accuracy_train": 0.6985578614139993, "gpa_train": 0.8237776996130848, "mae_train": 0.5145023973567613, "accuracy_test": 0.6499356499356499, "gpa_test": 0.3368421052631579, "mae_test": 0.5656575125616949, "test_loss": 0.5669377059744486, "_wandb": {"runtime": 753}}