{"sequence_loss": -4.531230109784428, "epoch": 50, "_timestamp": 1706240008.8767638, "_runtime": 513.2193288803101, "_step": 6199, "accuracy_train": 0.6967991558213155, "gpa_train": 0.8202602884277173, "mae_train": 0.2979182338697827, "accuracy_test": 0.6795366795366795, "gpa_test": 0.3263157894736842, "mae_test": 0.38851913752242867, "test_loss": 0.33342824507794755, "_wandb": {"runtime": 512}}