{"sequence_loss": 14.753791809082031, "epoch": 50, "_timestamp": 1706114576.8731356, "_runtime": 510.9234776496887, "_step": 6199, "accuracy_train": 0.6303200844178685, "loglikelihood_train": 0.6735890243445426, "rmse_train": 0.8446194929528407, "accuracy_test": 0.631917631917632, "loglikelihood_test": 0.6761963989882342, "rmse_test": 1.0401693358977344, "test_loss": 0.3455384280038091, "_wandb": {"runtime": 510}}