{"sequence_loss": -9.987557411193848, "epoch": 50, "_timestamp": 1706154575.6427166, "_runtime": 575.0896356105804, "_step": 6199, "accuracy_train": 0.706296166021808, "loglikelihood_train": 1.003651020438742, "rmse_train": 0.7236719659769187, "accuracy_test": 0.6705276705276705, "loglikelihood_test": 0.9567604001644439, "rmse_test": 1.0239106597971182, "test_loss": -0.027860586753988687, "_wandb": {"runtime": 574}}