{"sequence_loss": -5.553670406341553, "epoch": 50, "_timestamp": 1706130083.4333715, "_runtime": 456.8084034919739, "_step": 6199, "accuracy_train": 0.7196623285262047, "loglikelihood_train": 0.9704403147741879, "rmse_train": 0.7260060242095054, "accuracy_test": 0.6872586872586872, "loglikelihood_test": 0.929135089426969, "rmse_test": 0.999252281780322, "test_loss": -0.016466214461664182, "_wandb": {"runtime": 456}}