{"sequence_loss": 6.167551749674739, "epoch": 50, "_timestamp": 1706206844.8709369, "_runtime": 518.2132308483124, "_step": 6199, "accuracy_train": 0.6964474147027787, "gpa_train": 0.8223707351389378, "mae_train": 0.307037337288402, "accuracy_test": 0.6743886743886743, "gpa_test": 0.3263157894736842, "mae_test": 0.3799028207896759, "test_loss": 0.3582236473280324, "_wandb": {"runtime": 517}}