{"sequence_loss": 57.17552255087466, "epoch": 50, "_timestamp": 1706253195.2697015, "_runtime": 978.6551465988159, "_step": 6199, "accuracy_train": 0.2581779810059796, "gpa_train": 0.3397819205065072, "mae_train": 0.41369209254328904, "accuracy_test": 0.23037323037323038, "gpa_test": 0.010526315789473684, "mae_test": 0.47148207485905946, "test_loss": 1.8635800996681282, "_wandb": {"runtime": 977}}