{"sequence_loss": -5.353158044007225, "epoch": 50, "_timestamp": 1706233043.367318, "_runtime": 527.7925779819489, "_step": 6199, "accuracy_train": 0.6823777699613085, "gpa_train": 0.8160393950052761, "mae_train": 0.3001896737538464, "accuracy_test": 0.6550836550836551, "gpa_test": 0.3157894736842105, "mae_test": 0.37507389365015803, "test_loss": 0.3724736380751714, "_wandb": {"runtime": 527}}