{"sequence_loss": -13.029645919799805, "epoch": 50, "_timestamp": 1706134822.5921917, "_runtime": 520.2032506465912, "_step": 6199, "accuracy_train": 0.6989096025325361, "loglikelihood_train": 0.9356968311852151, "rmse_train": 0.821235404347484, "accuracy_test": 0.6640926640926641, "loglikelihood_test": 0.8906278768471912, "rmse_test": 1.0475132872838704, "test_loss": 0.015297304517465882, "_wandb": {"runtime": 519}}