{"sequence_loss": -2.76941132894539, "epoch": 50, "_timestamp": 1706486909.303487, "_runtime": 500.1066360473633, "_step": 6199, "accuracy_train": 0.7087583538515653, "gpa_train": 0.8213155117833275, "mae_train": 0.4158064327816958, "accuracy_test": 0.6821106821106822, "gpa_test": 0.3368421052631579, "mae_test": 0.48567900801870967, "test_loss": 0.4176051809119119, "_wandb": {"runtime": 499}}