{"sequence_loss": -3.1374645759097195, "epoch": 50, "_timestamp": 1706499108.5265718, "_runtime": 516.49316573143, "_step": 6199, "accuracy_train": 0.719310587407668, "gpa_train": 0.8223707351389378, "mae_train": 0.4411825724483333, "accuracy_test": 0.6808236808236808, "gpa_test": 0.3368421052631579, "mae_test": 0.48746151614219835, "test_loss": 0.3945519527163348, "_wandb": {"runtime": 515}}