{"sequence_loss": 9.831773500614238, "epoch": 50, "_timestamp": 1706224307.9405057, "_runtime": 507.6130516529083, "_step": 6199, "accuracy_train": 0.7186071051705945, "gpa_train": 0.8185015828350334, "mae_train": 0.27781610995415773, "accuracy_test": 0.6821106821106822, "gpa_test": 0.3263157894736842, "mae_test": 0.3624404676479109, "test_loss": 0.29255155118915127, "_wandb": {"runtime": 506}}