{"sequence_loss": 4.859140872955322, "epoch": 50, "_timestamp": 1706125041.8817596, "_runtime": 530.6528816223145, "_step": 6199, "accuracy_train": 0.7017235314808301, "loglikelihood_train": 0.9503113001647711, "rmse_train": 0.7816155230744259, "accuracy_test": 0.6666666666666666, "loglikelihood_test": 0.9090866525616266, "rmse_test": 1.0540134361737785, "test_loss": 0.001976934714918643, "_wandb": {"runtime": 530}}