{"sequence_loss": 23.16490936279297, "epoch": 50, "_timestamp": 1706114057.3807397, "_runtime": 494.0261516571045, "_step": 6199, "accuracy_train": 0.6275061554695744, "loglikelihood_train": 0.6768408482376433, "rmse_train": 0.8546540659479915, "accuracy_test": 0.6357786357786358, "loglikelihood_test": 0.6738459214700007, "rmse_test": 1.0385628143633951, "test_loss": 0.33153349649062197, "_wandb": {"runtime": 493}}