{"sequence_loss": 30.224108681990703, "epoch": 50, "_timestamp": 1706460369.842763, "_runtime": 496.5457830429077, "_step": 6199, "accuracy_train": 0.6299683432993317, "gpa_train": 0.7794583186774534, "mae_train": 0.43399171065244296, "accuracy_test": 0.6241956241956242, "gpa_test": 0.3157894736842105, "mae_test": 0.49555333286638886, "test_loss": 0.8500770719309493, "_wandb": {"runtime": 495}}