{"sequence_loss": 2.936513113837239, "epoch": 50, "_timestamp": 1706218527.817032, "_runtime": 491.736869096756, "_step": 6199, "accuracy_train": 0.713330988392543, "gpa_train": 0.8216672529018643, "mae_train": 0.2874580699291357, "accuracy_test": 0.6936936936936937, "gpa_test": 0.3368421052631579, "mae_test": 0.36994233662250575, "test_loss": 0.31867322768200185, "_wandb": {"runtime": 491}}