{"sequence_loss": -11.990116119384766, "epoch": 50, "_timestamp": 1706144308.5710564, "_runtime": 605.3353042602539, "_step": 6199, "accuracy_train": 0.7147379528666901, "loglikelihood_train": 1.0074779578146722, "rmse_train": 0.7114841176823905, "accuracy_test": 0.6589446589446589, "loglikelihood_test": 0.9656728875320569, "rmse_test": 1.0267123689775328, "test_loss": -0.028165165796480346, "_wandb": {"runtime": 604}}