{"sequence_loss": 8.697841852509372, "epoch": 50, "_timestamp": 1706243577.9269373, "_runtime": 741.3962132930756, "_step": 6199, "accuracy_train": 0.6982061202954626, "gpa_train": 0.8209637706647908, "mae_train": 0.4986951091194757, "accuracy_test": 0.6537966537966537, "gpa_test": 0.3368421052631579, "mae_test": 0.5656859592427925, "test_loss": 0.5298094321108497, "_wandb": {"runtime": 740}}