{"sequence_loss": -7.869172054407866, "epoch": 50, "_timestamp": 1706220075.6935601, "_runtime": 505.0705862045288, "_step": 6199, "accuracy_train": 0.6510728104115371, "gpa_train": 0.7938797045374605, "mae_train": 0.3229000146146648, "accuracy_test": 0.6486486486486487, "gpa_test": 0.30526315789473685, "mae_test": 0.3863513675282207, "test_loss": 0.5060545155844995, "_wandb": {"runtime": 503}}