{"sequence_loss": -5.878106766719302, "epoch": 50, "_timestamp": 1706212064.2205503, "_runtime": 504.7371733188629, "_step": 6199, "accuracy_train": 0.6999648258881463, "gpa_train": 0.8149841716496659, "mae_train": 0.29031472234628675, "accuracy_test": 0.6615186615186616, "gpa_test": 0.3263157894736842, "mae_test": 0.3723442575953028, "test_loss": 0.3477859601952852, "_wandb": {"runtime": 504}}