{"sequence_loss": -7.466919898986816, "epoch": 50, "_timestamp": 1706135367.0870008, "_runtime": 532.0598278045654, "_step": 6199, "accuracy_train": 0.6890608512135069, "loglikelihood_train": 0.9335820831835431, "rmse_train": 0.8319939005957437, "accuracy_test": 0.6550836550836551, "loglikelihood_test": 0.9014498934281611, "rmse_test": 1.0449527201338804, "test_loss": -0.0013722301320692079, "_wandb": {"runtime": 531}}