{"sequence_loss": 47.129487569133445, "epoch": 50, "_timestamp": 1706462896.1292312, "_runtime": 515.2007682323456, "_step": 6199, "accuracy_train": 0.6595145972564193, "gpa_train": 0.8114667604642983, "mae_train": 0.5056552908766911, "accuracy_test": 0.6422136422136422, "gpa_test": 0.3263157894736842, "mae_test": 0.4722997596058299, "test_loss": 0.5747093598056472, "_wandb": {"runtime": 514}}