{"sequence_loss": 5.829545230366063, "epoch": 50, "_timestamp": 1706477677.5475686, "_runtime": 482.95622754096985, "_step": 6199, "accuracy_train": 0.6524797748856841, "gpa_train": 0.7882518466408723, "mae_train": 0.44165369401798255, "accuracy_test": 0.6422136422136422, "gpa_test": 0.30526315789473685, "mae_test": 0.521596480060268, "test_loss": 0.6423066499991972, "_wandb": {"runtime": 482}}