{"sequence_loss": -3.9234702587127686, "epoch": 50, "_timestamp": 1706120777.775918, "_runtime": 530.7284638881683, "_step": 6199, "accuracy_train": 0.5775589166373549, "loglikelihood_train": 0.8132975633917608, "rmse_train": 0.8608097898031787, "accuracy_test": 0.5804375804375804, "loglikelihood_test": 0.7831528545480914, "rmse_test": 1.08519109036643, "test_loss": 0.42236304639187533, "_wandb": {"runtime": 530}}