{"batch_loss": 64.1887435913086, "epoch": 3, "_timestamp": 1705592132.2137904, "_runtime": 32.20200848579407, "_step": 365, "loss": 0.7444899533202024, "_wandb": {"runtime": 32}}