{"batch_loss": 12.742745399475098, "epoch": 70, "_timestamp": 1705667641.1291366, "_runtime": 736.2409014701843, "_step": 8679, "accuracy_train": 0.6809708054871615, "loglikelihood_train": 0.9258850190529854, "accuracy_test": 0.6473616473616474, "loglikelihood_test": 0.8894274530157579, "test_loss": 0.5016431942977736, "_wandb": {"runtime": 735}}