{"sequence_loss": -12.395812996716412, "epoch": 50, "_timestamp": 1706233604.514556, "_runtime": 549.1756730079651, "_step": 6199, "accuracy_train": 0.6672529018642279, "gpa_train": 0.8132254660569821, "mae_train": 0.30375331948434975, "accuracy_test": 0.6486486486486487, "gpa_test": 0.3263157894736842, "mae_test": 0.3826144606910617, "test_loss": 0.40728319663595774, "_wandb": {"runtime": 548}}