{"sequence_loss": -7.549733638763428, "epoch": 50, "_timestamp": 1706159594.8546734, "_runtime": 511.5776584148407, "_step": 6199, "accuracy_train": 0.7055926837847344, "loglikelihood_train": 0.9709129866659373, "rmse_train": 0.7944196306949549, "accuracy_test": 0.6705276705276705, "loglikelihood_test": 0.915719053386587, "rmse_test": 1.013818732160059, "test_loss": -0.05255132514686711, "_wandb": {"runtime": 511}}