{"sequence_loss": -9.600143693088077, "epoch": 50, "_timestamp": 1706230366.3749394, "_runtime": 505.15567350387573, "_step": 6199, "accuracy_train": 0.7200140696447415, "gpa_train": 0.820612029546254, "mae_train": 0.30748914762403695, "accuracy_test": 0.6872586872586872, "gpa_test": 0.3368421052631579, "mae_test": 0.3732981856725391, "test_loss": 0.3637844375825807, "_wandb": {"runtime": 504}}