{"sequence_loss": -0.09516426920890808, "epoch": 50, "_timestamp": 1706148588.789539, "_runtime": 552.6784920692444, "_step": 6199, "accuracy_train": 0.6823777699613085, "loglikelihood_train": 0.9688458862625732, "rmse_train": 0.7555252222143343, "accuracy_test": 0.646074646074646, "loglikelihood_test": 0.9281527943315759, "rmse_test": 1.0347066099150368, "test_loss": 0.016791044594307917, "_wandb": {"runtime": 552}}