{"sequence_loss": 9.49778996746862, "epoch": 50, "_timestamp": 1706235158.4606395, "_runtime": 531.9602825641632, "_step": 6199, "accuracy_train": 0.7003165670066831, "gpa_train": 0.8223707351389378, "mae_train": 0.28724372307263835, "accuracy_test": 0.6602316602316602, "gpa_test": 0.3157894736842105, "mae_test": 0.36926940846780704, "test_loss": 0.3091128213915998, "_wandb": {"runtime": 531}}