{"sequence_loss": -11.077902793884277, "epoch": 50, "_timestamp": 1706116111.9718215, "_runtime": 493.37159752845764, "_step": 6199, "accuracy_train": 0.6721772775237426, "loglikelihood_train": 0.8267796759781696, "rmse_train": 0.8105103662596325, "accuracy_test": 0.6563706563706564, "loglikelihood_test": 0.8184686424457921, "rmse_test": 1.0118333445277157, "test_loss": 0.0851374412268664, "_wandb": {"runtime": 492}}