{"time_loss_train": -5.18141508102417, "type_loss_train": 0.8780212998390198, "train_loss": -4.303393840789795, "_timestamp": 1706152790.2467246, "_runtime": 528.551700592041, "_step": 149, "time_loss_test": -2.3676061630249023, "type_loss_test": 1.018229365348816, "test_loss": -1.3493767976760864, "_wandb": {"runtime": 528}}