{"batch_loss": 2.0694420337677, "epoch": 70, "_timestamp": 1705671276.553798, "_runtime": 721.936625957489, "_step": 8679, "accuracy_train": 0.6475553992261696, "loglikelihood_train": 0.8575605940524974, "accuracy_test": 0.6357786357786358, "loglikelihood_test": 0.8235689675913448, "test_loss": 0.167738742862655, "_wandb": {"runtime": 721}}