{"sequence_loss": 21.964927673339844, "epoch": 50, "_timestamp": 1706150925.265409, "_runtime": 631.9781320095062, "_step": 6199, "accuracy_train": 0.31586352444600774, "loglikelihood_train": 0.9443765017661669, "rmse_train": 0.810767260445178, "accuracy_test": 0.32432432432432434, "loglikelihood_test": 0.9151026116008252, "rmse_test": 1.0625930085238093, "test_loss": 0.9606145272212746, "_wandb": {"runtime": 631}}