{"sequence_loss": -2.7507762908935547, "epoch": 50, "_timestamp": 1706160708.4512682, "_runtime": 559.7327101230621, "_step": 6199, "accuracy_train": 0.6785086176574041, "loglikelihood_train": 0.9625177222900574, "rmse_train": 0.8117795429606679, "accuracy_test": 0.6512226512226512, "loglikelihood_test": 0.9274832632689349, "rmse_test": 1.0473564316479989, "test_loss": -0.01565917792309702, "_wandb": {"runtime": 557}}