{"sequence_loss": 9.55881921895104, "epoch": 50, "_timestamp": 1706487947.9866834, "_runtime": 485.5889804363251, "_step": 6199, "accuracy_train": 0.7172001406964474, "gpa_train": 0.8195568061906436, "mae_train": 0.43597744817763956, "accuracy_test": 0.6898326898326899, "gpa_test": 0.3368421052631579, "mae_test": 0.46960989051190427, "test_loss": 0.40250318505772326, "_wandb": {"runtime": 485}}