{"sequence_loss": -12.575057983398438, "epoch": 50, "_timestamp": 1706132685.0789049, "_runtime": 507.6181399822235, "_step": 6199, "accuracy_train": 0.6552937038339782, "loglikelihood_train": 0.8827565648658232, "rmse_train": 0.8895312893048366, "accuracy_test": 0.6512226512226512, "loglikelihood_test": 0.855784793870639, "rmse_test": 1.063891917475939, "test_loss": 0.11801531192211978, "_wandb": {"runtime": 507}}