{"sequence_loss": -8.546122268067672, "epoch": 35, "_timestamp": 1705689979.7195914, "_runtime": 356.8170313835144, "_step": 4339, "accuracy_train": 0.7017235314808301, "gpa_train": 0.8258881463243053, "mae_train": 0.28403832746399066, "accuracy_test": 0.6666666666666666, "gpa_test": 0.3368421052631579, "mae_test": 0.36966638706212185, "test_loss": 0.3355793481450228, "_wandb": {"runtime": 356}}