{"sequence_loss": -6.910919189453125, "epoch": 50, "_timestamp": 1706152943.971568, "_runtime": 524.1550052165985, "_step": 6199, "accuracy_train": 0.6915230390432642, "loglikelihood_train": 0.9610534890980057, "rmse_train": 0.7526647170282732, "accuracy_test": 0.6705276705276705, "loglikelihood_test": 0.9259646002170259, "rmse_test": 1.0413997764580556, "test_loss": -0.014070800381951628, "_wandb": {"runtime": 523}}