{"batch_loss": 114.47113037109375, "epoch": 1, "_timestamp": 1705587628.2468188, "_runtime": 8.79424786567688, "_step": 120, "_wandb": {"runtime": 8}}