{"sequence_loss": 4.074134069411277, "epoch": 50, "_timestamp": 1706237408.7253966, "_runtime": 574.9908137321472, "_step": 6199, "accuracy_train": 0.6658459373900809, "gpa_train": 0.8086528315160042, "mae_train": 0.3093753120574656, "accuracy_test": 0.6344916344916345, "gpa_test": 0.30526315789473685, "mae_test": 0.3947699186577914, "test_loss": 0.43445841558063725, "_wandb": {"runtime": 574}}