{"sequence_loss": 27.442577726534758, "epoch": 50, "_timestamp": 1706466976.7406366, "_runtime": 544.6216876506805, "_step": 6199, "accuracy_train": 0.5402743580724587, "gpa_train": 0.7330284910306015, "mae_train": 0.48206179107615027, "accuracy_test": 0.5328185328185329, "gpa_test": 0.18947368421052632, "mae_test": 0.530641220097683, "test_loss": 1.0511837516814768, "_wandb": {"runtime": 544}}