{"sequence_loss": -13.159741401672363, "epoch": 50, "_timestamp": 1706152410.580219, "_runtime": 502.4087791442871, "_step": 6199, "accuracy_train": 0.7038339781920506, "loglikelihood_train": 0.9678350221584034, "rmse_train": 0.8472768066746844, "accuracy_test": 0.6782496782496783, "loglikelihood_test": 0.9365835569601143, "rmse_test": 1.0162750956478996, "test_loss": -0.023672688587576943, "_wandb": {"runtime": 501}}