{"sequence_loss": -7.037807464599609, "epoch": 50, "_timestamp": 1706141039.1349761, "_runtime": 491.0220801830292, "_step": 6199, "accuracy_train": 0.7126275061554695, "loglikelihood_train": 0.9688674292121523, "rmse_train": 0.7905458236401783, "accuracy_test": 0.6988416988416989, "loglikelihood_test": 0.9303469594600982, "rmse_test": 1.0182141116181265, "test_loss": -0.041102632352736146, "_wandb": {"runtime": 490}}