{"sequence_loss": 6.058777026061696, "epoch": 50, "_timestamp": 1706478722.2677174, "_runtime": 518.2613334655762, "_step": 6199, "accuracy_train": 0.6408723179739712, "gpa_train": 0.7857896588111151, "mae_train": 0.4396782696268066, "accuracy_test": 0.6293436293436293, "gpa_test": 0.3157894736842105, "mae_test": 0.5053671452683065, "test_loss": 0.6935446236040214, "_wandb": {"runtime": 517}}