{"sequence_loss": 0.9300580692314071, "epoch": 50, "_timestamp": 1706485448.693295, "_runtime": 518.5660800933838, "_step": 6199, "accuracy_train": 0.6760464298276468, "gpa_train": 0.8118185015828351, "mae_train": 0.44792452975557256, "accuracy_test": 0.6589446589446589, "gpa_test": 0.3368421052631579, "mae_test": 0.48217888627119815, "test_loss": 0.462046960801804, "_wandb": {"runtime": 518}}