{"sequence_loss": 2.300422191619873, "epoch": 50, "_timestamp": 1706119719.9001846, "_runtime": 486.00473260879517, "_step": 6199, "accuracy_train": 0.6197678508617658, "loglikelihood_train": 0.8225445583986741, "rmse_train": 0.8891658480329725, "accuracy_test": 0.61003861003861, "loglikelihood_test": 0.7946922726335779, "rmse_test": 1.062231451184832, "test_loss": 0.2699775197337159, "_wandb": {"runtime": 485}}