{"sequence_loss": 19.275982896672048, "epoch": 50, "_timestamp": 1706488473.6698613, "_runtime": 516.2774882316589, "_step": 6199, "accuracy_train": 0.7210692930003517, "gpa_train": 0.8223707351389378, "mae_train": 0.4997962490588982, "accuracy_test": 0.694980694980695, "gpa_test": 0.3368421052631579, "mae_test": 0.5602998851655839, "test_loss": 0.46591976806247165, "_wandb": {"runtime": 515}}