{"sequence_loss": 51.99668844745457, "epoch": 50, "_timestamp": 1706245362.91391, "_runtime": 924.5606210231781, "_step": 6199, "accuracy_train": 0.2082307421737601, "gpa_train": 0.25360534646500177, "mae_train": 0.5105667628329529, "accuracy_test": 0.21106821106821108, "gpa_test": 0.031578947368421054, "mae_test": 0.565694234852932, "test_loss": 2.172468786760788, "_wandb": {"runtime": 924}}