{"sequence_loss": 9.760544776916504, "epoch": 50, "_timestamp": 1706126562.8079216, "_runtime": 475.2810547351837, "_step": 6199, "accuracy_train": 0.6700668308125219, "loglikelihood_train": 0.8286800011880483, "rmse_train": 0.8428369342557824, "accuracy_test": 0.6589446589446589, "loglikelihood_test": 0.8086532164463954, "rmse_test": 1.0456197018259314, "test_loss": 0.10587595607590887, "_wandb": {"runtime": 474}}