{"sequence_loss": 15.189975337511145, "epoch": 50, "_timestamp": 1706472640.6689487, "_runtime": 494.01058864593506, "_step": 6199, "accuracy_train": 0.657052409426662, "gpa_train": 0.8107632782272247, "mae_train": 0.4265787352401943, "accuracy_test": 0.6422136422136422, "gpa_test": 0.3157894736842105, "mae_test": 0.47457586261449786, "test_loss": 0.5852199416193913, "_wandb": {"runtime": 493}}