{"sequence_loss": -8.598027229309082, "epoch": 50, "_timestamp": 1706129085.6962888, "_runtime": 502.03845381736755, "_step": 6199, "accuracy_train": 0.6957439324657052, "loglikelihood_train": 0.9243470625652362, "rmse_train": 0.8169161126308297, "accuracy_test": 0.6898326898326899, "loglikelihood_test": 0.8949805318781759, "rmse_test": 1.0147157702391802, "test_loss": -0.006116084985237206, "_wandb": {"runtime": 501}}