{"batch_loss": 16.844703674316406, "epoch": 70, "_timestamp": 1705669115.7469363, "_runtime": 721.9612233638763, "_step": 8679, "accuracy_train": 0.599015124868097, "loglikelihood_train": 0.717056474636939, "accuracy_test": 0.5894465894465895, "loglikelihood_test": 0.6877373715417575, "test_loss": 0.5503223260155822, "_wandb": {"runtime": 721}}