{"sequence_loss": 8.06047439543704, "epoch": 50, "_timestamp": 1706489037.041554, "_runtime": 546.3403310775757, "_step": 6199, "accuracy_train": 0.7161449173408372, "gpa_train": 0.8185015828350334, "mae_train": 0.43382897814771804, "accuracy_test": 0.6705276705276705, "gpa_test": 0.3368421052631579, "mae_test": 0.5808600995838259, "test_loss": 0.4936857365173498, "_wandb": {"runtime": 545}}