{"sequence_loss": -6.973387902775231, "epoch": 50, "_timestamp": 1706492741.3042858, "_runtime": 499.74774980545044, "_step": 6199, "accuracy_train": 0.7041857193105874, "gpa_train": 0.8209637706647908, "mae_train": 0.4079418006682958, "accuracy_test": 0.6731016731016731, "gpa_test": 0.3368421052631579, "mae_test": 0.5211263428630363, "test_loss": 0.4392492799990115, "_wandb": {"runtime": 499}}