{"sequence_loss": -1.2524594992018532, "epoch": 50, "_timestamp": 1706238976.730545, "_runtime": 475.39803314208984, "_step": 6199, "accuracy_train": 0.7073513893774183, "gpa_train": 0.8237776996130848, "mae_train": 0.2989629775002688, "accuracy_test": 0.685971685971686, "gpa_test": 0.3368421052631579, "mae_test": 0.3720275673013243, "test_loss": 0.30826904451500775, "_wandb": {"runtime": 474}}