{"sequence_loss": 4.5761796562560155, "epoch": 50, "_timestamp": 1706203340.1662827, "_runtime": 456.3893916606903, "_step": 6199, "accuracy_train": 0.6549419627154415, "gpa_train": 0.8075976081603939, "mae_train": 0.3272754675982244, "accuracy_test": 0.6563706563706564, "gpa_test": 0.3368421052631579, "mae_test": 0.38462276348276025, "test_loss": 0.46502006998102213, "_wandb": {"runtime": 455}}