{"sequence_loss": 19.64484276504686, "epoch": 50, "_timestamp": 1706213625.3561943, "_runtime": 446.16580724716187, "_step": 6199, "accuracy_train": 0.658459373900809, "gpa_train": 0.8100597959901512, "mae_train": 0.313233794396166, "accuracy_test": 0.646074646074646, "gpa_test": 0.3157894736842105, "mae_test": 0.38500664010164515, "test_loss": 0.4866490066786649, "_wandb": {"runtime": 445}}