{"time_loss_train": -5.0673136711120605, "type_loss_train": 0.8932439088821411, "train_loss": -4.174069881439209, "_timestamp": 1706135596.9626403, "_runtime": 523.9724733829498, "_step": 149, "time_loss_test": -3.9727797508239746, "type_loss_test": 1.0142978429794312, "test_loss": -2.958481788635254, "_wandb": {"runtime": 523}}