{"sequence_loss": -12.141048540920133, "epoch": 50, "_timestamp": 1706231985.5476334, "_runtime": 480.65341544151306, "_step": 6199, "accuracy_train": 0.6823777699613085, "gpa_train": 0.8223707351389378, "mae_train": 0.2919995066065458, "accuracy_test": 0.6563706563706564, "gpa_test": 0.3368421052631579, "mae_test": 0.3719519197250425, "test_loss": 0.3590162743223383, "_wandb": {"runtime": 480}}