{"sequence_loss": 60.35273623157225, "epoch": 50, "_timestamp": 1706252206.621854, "_runtime": 887.9617841243744, "_step": 6199, "accuracy_train": 0.2581779810059796, "gpa_train": 0.33450580372845584, "mae_train": 0.4096102568619359, "accuracy_test": 0.22651222651222652, "gpa_test": 0.042105263157894736, "mae_test": 0.4703643596617258, "test_loss": 1.8223411356572274, "_wandb": {"runtime": 887}}