{"sequence_loss": 19.715817531248515, "epoch": 50, "_timestamp": 1706482898.752801, "_runtime": 520.6269729137421, "_step": 6199, "accuracy_train": 0.7115722827998593, "gpa_train": 0.8177981005979599, "mae_train": 0.41391805331135906, "accuracy_test": 0.6718146718146718, "gpa_test": 0.29473684210526313, "mae_test": 0.5113719902750454, "test_loss": 0.43636860002650624, "_wandb": {"runtime": 519}}