{"time_loss_train": -5.032262325286865, "type_loss_train": 0.8998304009437561, "train_loss": -4.132431983947754, "_timestamp": 1706144318.0642676, "_runtime": 597.6689186096191, "_step": 149, "time_loss_test": -1.9894200563430786, "type_loss_test": 1.0285574197769165, "test_loss": -0.9608626365661621, "_wandb": {"runtime": 597}}