{"sequence_loss": 16.33485481600162, "epoch": 50, "_timestamp": 1706480278.1289563, "_runtime": 501.9420692920685, "_step": 6199, "accuracy_train": 0.6869504045022863, "gpa_train": 0.8177981005979599, "mae_train": 0.43983959162105274, "accuracy_test": 0.6628056628056628, "gpa_test": 0.3263157894736842, "mae_test": 0.4757800180479366, "test_loss": 0.4801697226322031, "_wandb": {"runtime": 500}}