{"sequence_loss": 8.16340511593505, "epoch": 50, "_timestamp": 1706482366.591117, "_runtime": 498.94552183151245, "_step": 6199, "accuracy_train": 0.7154414351037637, "gpa_train": 0.8269433696799156, "mae_train": 0.41424003454148667, "accuracy_test": 0.6718146718146718, "gpa_test": 0.3263157894736842, "mae_test": 0.5841867498756222, "test_loss": 0.5068635970571509, "_wandb": {"runtime": 498}}