{"time_loss_train": -5.170825958251953, "type_loss_train": 0.8625096082687378, "train_loss": -4.308316230773926, "_timestamp": 1706169608.9124525, "_runtime": 481.2281303405762, "_step": 149, "time_loss_test": -1.9677300453186035, "type_loss_test": 1.0217182636260986, "test_loss": -0.9460117816925049, "_wandb": {"runtime": 480}}