{"sequence_loss": 3.0619133910642664, "epoch": 50, "_timestamp": 1706204876.965681, "_runtime": 515.8473341464996, "_step": 6199, "accuracy_train": 0.6658459373900809, "gpa_train": 0.8128737249384453, "mae_train": 0.32635455562579474, "accuracy_test": 0.6486486486486487, "gpa_test": 0.3263157894736842, "mae_test": 0.39248184715919054, "test_loss": 0.49514373941387846, "_wandb": {"runtime": 515}}