{"sequence_loss": 8.504667728511325, "epoch": 50, "_timestamp": 1706229359.0127647, "_runtime": 524.519211769104, "_step": 6199, "accuracy_train": 0.7052409426661976, "gpa_train": 0.820612029546254, "mae_train": 0.29559251308608886, "accuracy_test": 0.6808236808236808, "gpa_test": 0.3368421052631579, "mae_test": 0.37778998541248965, "test_loss": 0.3261921871966478, "_wandb": {"runtime": 523}}