{"sequence_loss": -7.141446590423584, "epoch": 50, "_timestamp": 1706131124.6915805, "_runtime": 510.06309247016907, "_step": 6199, "accuracy_train": 0.7256419275413296, "loglikelihood_train": 0.9777898713923948, "rmse_train": 0.7356660669481001, "accuracy_test": 0.6924066924066924, "loglikelihood_test": 0.9357286596720198, "rmse_test": 1.021804523218075, "test_loss": -0.01700745331766331, "_wandb": {"runtime": 509}}