{"sequence_loss": -9.155436798128573, "epoch": 50, "_timestamp": 1706500254.8763182, "_runtime": 578.7198402881622, "_step": 6199, "accuracy_train": 0.6936334857544847, "gpa_train": 0.8223707351389378, "mae_train": 0.49243494678541594, "accuracy_test": 0.6602316602316602, "gpa_test": 0.3263157894736842, "mae_test": 0.5648874533836139, "test_loss": 0.49433765397613094, "_wandb": {"runtime": 578}}