{"batch_loss": -6.222958087921143, "epoch": 70, "_timestamp": 1705674161.9905505, "_runtime": 685.4007616043091, "_step": 8679, "accuracy_train": 0.720717551881815, "loglikelihood_train": 0.9875879944141183, "accuracy_test": 0.6911196911196911, "loglikelihood_test": 0.9456307022972444, "test_loss": -0.05131344873029574, "_wandb": {"runtime": 684}}