{"sequence_loss": -5.191775859621593, "epoch": 50, "_timestamp": 1706497032.5614054, "_runtime": 479.41617131233215, "_step": 6199, "accuracy_train": 0.6929300035174112, "gpa_train": 0.8185015828350334, "mae_train": 0.4168205609256182, "accuracy_test": 0.667953667953668, "gpa_test": 0.3368421052631579, "mae_test": 0.45932184790705777, "test_loss": 0.39223354106373004, "_wandb": {"runtime": 478}}