{"sequence_loss": 18.549172892966247, "epoch": 35, "_timestamp": 1705692172.0863268, "_runtime": 360.2589678764343, "_step": 4339, "accuracy_train": 0.680267323250088, "gpa_train": 0.8142806894125924, "mae_train": 0.2996953366467788, "accuracy_test": 0.6653796653796654, "gpa_test": 0.3157894736842105, "mae_test": 0.3772250993831738, "test_loss": 0.3936394591336481, "_wandb": {"runtime": 359}}