{"sequence_loss": 9.957276290156823, "epoch": 50, "_timestamp": 1706474141.7832866, "_runtime": 487.1741716861725, "_step": 6199, "accuracy_train": 0.7041857193105874, "gpa_train": 0.8244811818501583, "mae_train": 0.4364545475291904, "accuracy_test": 0.6731016731016731, "gpa_test": 0.3263157894736842, "mae_test": 0.5849342427505336, "test_loss": 0.549862521983319, "_wandb": {"runtime": 486}}