{"sequence_loss": 20.48421569784501, "epoch": 50, "_timestamp": 1706208942.1918192, "_runtime": 545.064031124115, "_step": 6199, "accuracy_train": 0.5765036932817447, "gpa_train": 0.7534294759057334, "mae_train": 0.3881275983415269, "accuracy_test": 0.5701415701415702, "gpa_test": 0.25263157894736843, "mae_test": 0.4439841059337405, "test_loss": 0.8812234420745975, "_wandb": {"runtime": 544}}