{"sequence_loss": 51.09994028814284, "epoch": 50, "_timestamp": 1706460895.22484, "_runtime": 517.1410758495331, "_step": 6199, "accuracy_train": 0.6201195919803025, "gpa_train": 0.7720717551881815, "mae_train": 0.453844920288204, "accuracy_test": 0.6254826254826255, "gpa_test": 0.3157894736842105, "mae_test": 0.5323876756191868, "test_loss": 0.8955363677597881, "_wandb": {"runtime": 516}}