{"sequence_loss": 16.501828145743403, "epoch": 50, "_timestamp": 1706489627.234481, "_runtime": 577.2738630771637, "_step": 6199, "accuracy_train": 0.7087583538515653, "gpa_train": 0.8185015828350334, "mae_train": 0.4407379180245361, "accuracy_test": 0.667953667953668, "gpa_test": 0.3368421052631579, "mae_test": 0.5057195374404141, "test_loss": 0.46057873056486887, "_wandb": {"runtime": 576}}