{"batch_loss": 18.7745304107666, "epoch": 39, "_timestamp": 1705588400.8178883, "_runtime": 375.9870603084564, "_step": 4718}