{"sequence_loss": 14.937672879702227, "epoch": 50, "_timestamp": 1706473166.4108973, "_runtime": 515.8349332809448, "_step": 6199, "accuracy_train": 0.6535349982412945, "gpa_train": 0.8079493492789307, "mae_train": 0.430888192736679, "accuracy_test": 0.6422136422136422, "gpa_test": 0.3157894736842105, "mae_test": 0.47078612535002917, "test_loss": 0.5510644154560278, "_wandb": {"runtime": 515}}