{"batch_loss": 12.475269317626953, "epoch": 1, "_timestamp": 1705591723.8883567, "_runtime": 8.643284797668457, "_step": 120, "_wandb": {"runtime": 11}}