{"sequence_loss": -3.0778520107269287, "epoch": 50, "_timestamp": 1706120236.2515686, "_runtime": 506.9633345603943, "_step": 6199, "accuracy_train": 0.6176574041505452, "loglikelihood_train": 0.8134110616713198, "rmse_train": 0.8493063912144249, "accuracy_test": 0.6138996138996139, "loglikelihood_test": 0.7862170649840768, "rmse_test": 1.0660480165865471, "test_loss": 0.336423375437745, "_wandb": {"runtime": 506}}