{"sequence_loss": 52.40460924834564, "epoch": 50, "_timestamp": 1706510209.1425703, "_runtime": 866.2483212947845, "_step": 6199, "accuracy_train": 0.2616953921913472, "gpa_train": 0.34681674287724235, "mae_train": 0.46655687571326654, "accuracy_test": 0.24066924066924067, "gpa_test": 0.042105263157894736, "mae_test": 0.51776566974905, "test_loss": 1.892923298771262, "_wandb": {"runtime": 865}}