{"sequence_loss": 16.421848632341245, "epoch": 50, "_timestamp": 1706459862.001937, "_runtime": 476.22452783584595, "_step": 6199, "accuracy_train": 0.6299683432993317, "gpa_train": 0.7864931410481886, "mae_train": 0.44227245346241084, "accuracy_test": 0.6254826254826255, "gpa_test": 0.3157894736842105, "mae_test": 0.48369357315883366, "test_loss": 0.8287172573632604, "_wandb": {"runtime": 473}}