{"sequence_loss": -1.747557118258288, "epoch": 35, "_timestamp": 1705693636.2381053, "_runtime": 360.7728462219238, "_step": 4339, "accuracy_train": 0.6869504045022863, "gpa_train": 0.8177981005979599, "mae_train": 0.303733880025922, "accuracy_test": 0.6615186615186616, "gpa_test": 0.3263157894736842, "mae_test": 0.3766355628059024, "test_loss": 0.37047097358442405, "_wandb": {"runtime": 360}}