{"sequence_loss": -2.2021853923797607, "epoch": 50, "_timestamp": 1706148025.317278, "_runtime": 532.8397579193115, "_step": 6199, "accuracy_train": 0.7059444249032711, "loglikelihood_train": 0.9779913881930783, "rmse_train": 0.8041825262063874, "accuracy_test": 0.6731016731016731, "loglikelihood_test": 0.9264053623233222, "rmse_test": 1.0301380194330556, "test_loss": -0.04858253065463716, "_wandb": {"runtime": 531}}