{"batch_loss": 14.185754776000977, "epoch": 70, "_timestamp": 1705672715.0104399, "_runtime": 734.6576797962189, "_step": 8679, "accuracy_train": 0.6785086176574041, "loglikelihood_train": 0.8502144837902587, "accuracy_test": 0.6537966537966537, "loglikelihood_test": 0.8150938928654764, "test_loss": 0.5729660803237847, "_wandb": {"runtime": 734}}