{"sequence_loss": -6.514800591288001, "epoch": 50, "_timestamp": 1706229849.094091, "_runtime": 479.00783705711365, "_step": 6199, "accuracy_train": 0.719310587407668, "gpa_train": 0.8265916285613788, "mae_train": 0.2832406658837798, "accuracy_test": 0.694980694980695, "gpa_test": 0.3368421052631579, "mae_test": 0.368510230167492, "test_loss": 0.33223746010302563, "_wandb": {"runtime": 478}}