{"sequence_loss": -15.334892272949219, "epoch": 50, "_timestamp": 1706146435.9380493, "_runtime": 553.2107384204865, "_step": 6199, "accuracy_train": 0.6630320084417869, "loglikelihood_train": 0.9269602786752961, "rmse_train": 0.8301534375847095, "accuracy_test": 0.6396396396396397, "loglikelihood_test": 0.8946998235398689, "rmse_test": 1.0584549753236794, "test_loss": 0.0467366535727561, "_wandb": {"runtime": 552}}