{"batch_loss": 5.786331653594971, "epoch": 50, "_timestamp": 1705594130.4447713, "_runtime": 478.8413083553314, "_step": 6099, "test_loss": 2.494578481259613, "_wandb": {"runtime": 477}}