{"sequence_loss": -11.182977676391602, "epoch": 50, "_timestamp": 1706118116.1180124, "_runtime": 485.3505594730377, "_step": 6199, "accuracy_train": 0.7147379528666901, "loglikelihood_train": 0.9140254141942566, "rmse_train": 0.7508431821286851, "accuracy_test": 0.6808236808236808, "loglikelihood_test": 0.8743128027536172, "rmse_test": 1.0011251755698565, "test_loss": 0.005914644709071227, "_wandb": {"runtime": 484}}