{"batch_loss": 30.472930908203125, "epoch": 9, "_timestamp": 1705592080.3779786, "_runtime": 84.78013849258423, "_step": 1024, "loss": 4.241371515531711, "_wandb": {"runtime": 89}}