{"sequence_loss": -3.7479679584503174, "epoch": 50, "_timestamp": 1706127598.496593, "_runtime": 519.4675359725952, "_step": 6199, "accuracy_train": 0.6630320084417869, "loglikelihood_train": 0.831850402162424, "rmse_train": 0.7730175519368595, "accuracy_test": 0.6473616473616474, "loglikelihood_test": 0.8187628889505842, "rmse_test": 1.0325754481632519, "test_loss": 0.09390617049900832, "_wandb": {"runtime": 518}}