{"sequence_loss": 2.367401599884033, "epoch": 50, "_timestamp": 1706116627.6136396, "_runtime": 506.69333958625793, "_step": 6199, "accuracy_train": 0.6644389729159339, "loglikelihood_train": 0.8190231459399476, "rmse_train": 0.8176925083298511, "accuracy_test": 0.6615186615186616, "loglikelihood_test": 0.8118058200431081, "rmse_test": 1.0113276121258563, "test_loss": 0.08436730569970291, "_wandb": {"runtime": 506}}