{"sequence_loss": 0.027553551295041778, "epoch": 50, "_timestamp": 1706486397.28143, "_runtime": 477.22930097579956, "_step": 6199, "accuracy_train": 0.7147379528666901, "gpa_train": 0.8216672529018643, "mae_train": 0.43214997488807466, "accuracy_test": 0.6885456885456885, "gpa_test": 0.3368421052631579, "mae_test": 0.5076643532307452, "test_loss": 0.43749903505308413, "_wandb": {"runtime": 476}}