{"sequence_loss": 21.23501402979538, "epoch": 50, "_timestamp": 1706499665.8225448, "_runtime": 546.4838907718658, "_step": 6199, "accuracy_train": 0.7003165670066831, "gpa_train": 0.8185015828350334, "mae_train": 0.4343214568813376, "accuracy_test": 0.6718146718146718, "gpa_test": 0.3368421052631579, "mae_test": 0.525644901176217, "test_loss": 0.42947938044351913, "_wandb": {"runtime": 545}}