{"sequence_loss": 13.306225615602052, "epoch": 50, "_timestamp": 1706234097.6479545, "_runtime": 483.57491540908813, "_step": 6199, "accuracy_train": 0.7182553640520577, "gpa_train": 0.8283503341540626, "mae_train": 0.2835688331871019, "accuracy_test": 0.6782496782496783, "gpa_test": 0.3368421052631579, "mae_test": 0.3647934796727302, "test_loss": 0.27906573881271424, "_wandb": {"runtime": 483}}