{"sequence_loss": -15.756410598754883, "epoch": 50, "_timestamp": 1706144804.9619813, "_runtime": 486.3874363899231, "_step": 6199, "accuracy_train": 0.6820260288427717, "loglikelihood_train": 0.9278067708337919, "rmse_train": 0.7836797981528144, "accuracy_test": 0.6486486486486487, "loglikelihood_test": 0.8915059144518017, "rmse_test": 1.0233866938424254, "test_loss": 0.003417095845252012, "_wandb": {"runtime": 485}}