{"sequence_loss": -3.6906440258026123, "epoch": 50, "_timestamp": 1706161829.2755108, "_runtime": 567.3434808254242, "_step": 6199, "accuracy_train": 0.7136827295110798, "loglikelihood_train": 0.9823210543972757, "rmse_train": 0.7842243352219853, "accuracy_test": 0.6731016731016731, "loglikelihood_test": 0.925845410971515, "rmse_test": 1.027105904091258, "test_loss": -0.06801800317732634, "_wandb": {"runtime": 565}}