{"sequence_loss": 2.734646206462318, "epoch": 50, "_timestamp": 1706248577.126422, "_runtime": 544.7320029735565, "_step": 6199, "accuracy_train": 0.7052409426661976, "gpa_train": 0.823425958494548, "mae_train": 0.28801910062931474, "accuracy_test": 0.6602316602316602, "gpa_test": 0.3263157894736842, "mae_test": 0.372667586174404, "test_loss": 0.3206484293551904, "_wandb": {"runtime": 544}}