{"sequence_loss": -5.659897327423096, "epoch": 50, "_timestamp": 1706130601.834115, "_runtime": 501.5387830734253, "_step": 6199, "accuracy_train": 0.713330988392543, "loglikelihood_train": 0.9738402617454243, "rmse_train": 0.7435828744016736, "accuracy_test": 0.6846846846846847, "loglikelihood_test": 0.9310340111234546, "rmse_test": 1.0206904855363028, "test_loss": -0.011775011509920644, "_wandb": {"runtime": 479}}