{"time_loss_train": -4.197625160217285, "type_loss_train": 2.697328567504883, "train_loss": -1.5002965927124023, "_timestamp": 1706151741.1270463, "_runtime": 562.6153154373169, "_step": 149, "time_loss_test": 0.5543057918548584, "type_loss_test": 2.7908318042755127, "test_loss": 3.345137596130371, "_wandb": {"runtime": 561}}