{"sequence_loss": -5.7290598404101605, "epoch": 50, "_timestamp": 1706226858.5020752, "_runtime": 489.7621591091156, "_step": 6199, "accuracy_train": 0.6894125923320437, "gpa_train": 0.8170946183608864, "mae_train": 0.3077196042972931, "accuracy_test": 0.6705276705276705, "gpa_test": 0.3368421052631579, "mae_test": 0.3792631635334501, "test_loss": 0.3509648275164749, "_wandb": {"runtime": 489}}