{"sequence_loss": 9.91126180907165, "epoch": 50, "_timestamp": 1706474656.0344875, "_runtime": 497.2758905887604, "_step": 6199, "accuracy_train": 0.6950404502286317, "gpa_train": 0.8167428772423496, "mae_train": 0.4407134472883549, "accuracy_test": 0.6731016731016731, "gpa_test": 0.3263157894736842, "mae_test": 0.5296807783144014, "test_loss": 0.4924186178984035, "_wandb": {"runtime": 496}}