{"sequence_loss": 7.736123737910529, "epoch": 35, "_timestamp": 1705689260.8867996, "_runtime": 359.5397045612335, "_step": 4339, "accuracy_train": 0.6887091100949702, "gpa_train": 0.8213155117833275, "mae_train": 0.2852191560879753, "accuracy_test": 0.6589446589446589, "gpa_test": 0.3263157894736842, "mae_test": 0.37530889535656, "test_loss": 0.3676832872715854, "_wandb": {"runtime": 359}}