{"sequence_loss": -3.309453417562697, "epoch": 50, "_timestamp": 1706498086.9199073, "_runtime": 523.5835652351379, "_step": 6199, "accuracy_train": 0.6894125923320437, "gpa_train": 0.8209637706647908, "mae_train": 0.40573918077252175, "accuracy_test": 0.667953667953668, "gpa_test": 0.3368421052631579, "mae_test": 0.6528648250044696, "test_loss": 0.5603946445143115, "_wandb": {"runtime": 523}}