{"sequence_loss": -8.170488830716614, "epoch": 50, "_timestamp": 1706508547.6993797, "_runtime": 685.4421627521515, "_step": 6199, "accuracy_train": 0.6813225466056982, "gpa_train": 0.8223707351389378, "mae_train": 0.41436550770684777, "accuracy_test": 0.6512226512226512, "gpa_test": 0.3263157894736842, "mae_test": 0.47230116587654813, "test_loss": 0.4371471125562748, "_wandb": {"runtime": 684}}