{"sequence_loss": -0.8149641879756473, "epoch": 50, "_timestamp": 1706481859.4546003, "_runtime": 477.3098633289337, "_step": 6199, "accuracy_train": 0.720717551881815, "gpa_train": 0.8237776996130848, "mae_train": 0.4240205617509507, "accuracy_test": 0.676962676962677, "gpa_test": 0.3157894736842105, "mae_test": 0.4947931346132335, "test_loss": 0.4028837787080605, "_wandb": {"runtime": 476}}