{"sequence_loss": -3.19089937210083, "epoch": 50, "_timestamp": 1706118630.8303776, "_runtime": 503.76683354377747, "_step": 6199, "accuracy_train": 0.7027787548364404, "loglikelihood_train": 0.9191597011808093, "rmse_train": 0.7783739169294522, "accuracy_test": 0.6743886743886743, "loglikelihood_test": 0.8875287950566385, "rmse_test": 1.0154616781336168, "test_loss": 0.007476752343694721, "_wandb": {"runtime": 503}}