{"sequence_loss": 6.865149132126706, "epoch": 50, "_timestamp": 1706215578.0575888, "_runtime": 445.82223081588745, "_step": 6199, "accuracy_train": 0.6922265212803377, "gpa_train": 0.8149841716496659, "mae_train": 0.3020217369401954, "accuracy_test": 0.6731016731016731, "gpa_test": 0.3263157894736842, "mae_test": 0.37807877996560074, "test_loss": 0.37495445879010086, "_wandb": {"runtime": 445}}