{"sequence_loss": -2.5337866600549486, "epoch": 50, "_timestamp": 1706227846.0591838, "_runtime": 447.3019199371338, "_step": 6199, "accuracy_train": 0.706296166021808, "gpa_train": 0.824832922968695, "mae_train": 0.282997447610782, "accuracy_test": 0.6782496782496783, "gpa_test": 0.3368421052631579, "mae_test": 0.3761103058106804, "test_loss": 0.3522495741642052, "_wandb": {"runtime": 446}}