{"sequence_loss": 23.39394241794651, "epoch": 50, "_timestamp": 1706461360.9218857, "_runtime": 457.40911984443665, "_step": 6199, "accuracy_train": 0.6563489271895885, "gpa_train": 0.8132254660569821, "mae_train": 0.4476644436825844, "accuracy_test": 0.6473616473616474, "gpa_test": 0.3263157894736842, "mae_test": 0.46440595442110355, "test_loss": 0.5603579599584807, "_wandb": {"runtime": 455}}