{"sequence_loss": -2.421856231740888, "epoch": 35, "_timestamp": 1705694384.2001987, "_runtime": 372.55726075172424, "_step": 4339, "accuracy_train": 0.6876538867393598, "gpa_train": 0.8177981005979599, "mae_train": 0.2928835329689109, "accuracy_test": 0.6576576576576577, "gpa_test": 0.3263157894736842, "mae_test": 0.37622314699214704, "test_loss": 0.3556233242012855, "_wandb": {"runtime": 372}}