{"sequence_loss": 11.639044761657715, "epoch": 3, "_timestamp": 1705694692.9727457, "_runtime": 26.649218559265137, "_step": 254, "accuracy_train": 0.5905733380232149, "loglikelihood_train": 0.4874670115683865, "rmse_train": 0.8592221216825238, "accuracy_test": 0.5958815958815958, "loglikelihood_test": 0.5486997207709118, "rmse_test": 1.0726158304444686, "test_loss": 0.648597843483486, "_wandb": {"runtime": 31}}