{"sequence_loss": 12.224909233666562, "epoch": 50, "_timestamp": 1706469567.9684787, "_runtime": 479.9763345718384, "_step": 6199, "accuracy_train": 0.6939852268730214, "gpa_train": 0.8181498417164966, "mae_train": 0.43394329545366234, "accuracy_test": 0.6653796653796654, "gpa_test": 0.3157894736842105, "mae_test": 0.48727794963880855, "test_loss": 0.4706547720662578, "_wandb": {"runtime": 479}}