{"sequence_loss": -1.055270544567093, "epoch": 50, "_timestamp": 1706238483.7930036, "_runtime": 447.146924495697, "_step": 6199, "accuracy_train": 0.6964474147027787, "gpa_train": 0.820612029546254, "mae_train": 0.2898109216653164, "accuracy_test": 0.667953667953668, "gpa_test": 0.3368421052631579, "mae_test": 0.3807557265884321, "test_loss": 0.32891406721676153, "_wandb": {"runtime": 446}}