{"sequence_loss": -11.510672569274902, "epoch": 50, "_timestamp": 1706132163.2813318, "_runtime": 485.77338671684265, "_step": 6199, "accuracy_train": 0.6637354906788604, "loglikelihood_train": 0.8794024963080793, "rmse_train": 0.8129148886803371, "accuracy_test": 0.646074646074646, "loglikelihood_test": 0.8512020332623372, "rmse_test": 1.0539593990580756, "test_loss": 0.11214442181903704, "_wandb": {"runtime": 485}}