{"sequence_loss": -0.9478316224288967, "epoch": 50, "_timestamp": 1706500929.670148, "_runtime": 664.4690039157867, "_step": 6199, "accuracy_train": 0.6964474147027787, "gpa_train": 0.8128737249384453, "mae_train": 0.50117090123244, "accuracy_test": 0.6743886743886743, "gpa_test": 0.3368421052631579, "mae_test": 0.5655422140119005, "test_loss": 0.5190095817807568, "_wandb": {"runtime": 663}}