{"sequence_loss": 16.41048942524294, "epoch": 50, "_timestamp": 1706473643.4199808, "_runtime": 460.58745765686035, "_step": 6199, "accuracy_train": 0.6897643334505804, "gpa_train": 0.820612029546254, "mae_train": 0.4262689774278767, "accuracy_test": 0.6692406692406693, "gpa_test": 0.3368421052631579, "mae_test": 0.5014551581870021, "test_loss": 0.4931854933448917, "_wandb": {"runtime": 460}}