{"sequence_loss": -1.0315866087845418, "epoch": 35, "_timestamp": 1705694002.183821, "_runtime": 356.19054794311523, "_step": 4339, "accuracy_train": 0.7027787548364404, "gpa_train": 0.8170946183608864, "mae_train": 0.4945172410677153, "accuracy_test": 0.6885456885456885, "gpa_test": 0.3368421052631579, "mae_test": 0.5547052064917722, "test_loss": 0.47659198072305403, "_wandb": {"runtime": 355}}