{"batch_loss": 23.83075523376465, "epoch": 42, "_timestamp": 1705591387.4237227, "_runtime": 442.7116677761078, "_step": 6425, "loss": 81.50563049316406, "_wandb": {"runtime": 442}}