{"sequence_loss": 2.1970426011541315, "epoch": 50, "_timestamp": 1706224850.6375346, "_runtime": 530.6445686817169, "_step": 6199, "accuracy_train": 0.7112205416813225, "gpa_train": 0.8244811818501583, "mae_train": 0.2678552934329274, "accuracy_test": 0.6653796653796654, "gpa_test": 0.3263157894736842, "mae_test": 0.3649296616341923, "test_loss": 0.3024609657577602, "_wandb": {"runtime": 530}}