{"sequence_loss": 2.7413483832646017, "epoch": 50, "_timestamp": 1706490640.2325838, "_runtime": 502.0680387020111, "_step": 6199, "accuracy_train": 0.6809708054871615, "gpa_train": 0.8185015828350334, "mae_train": 0.4426068426059075, "accuracy_test": 0.6512226512226512, "gpa_test": 0.3263157894736842, "mae_test": 0.4640625284138487, "test_loss": 0.49238537899555707, "_wandb": {"runtime": 501}}