{"sequence_loss": -2.9759815779235783, "epoch": 50, "_timestamp": 1706497555.2547622, "_runtime": 510.3751072883606, "_step": 6199, "accuracy_train": 0.6950404502286317, "gpa_train": 0.822018994020401, "mae_train": 0.4364546014941414, "accuracy_test": 0.6808236808236808, "gpa_test": 0.3368421052631579, "mae_test": 0.5002501659871988, "test_loss": 0.4068230134199488, "_wandb": {"runtime": 509}}