{"sequence_loss": 11.724216721181147, "epoch": 50, "_timestamp": 1706236820.8883605, "_runtime": 543.2193915843964, "_step": 6199, "accuracy_train": 0.7196623285262047, "gpa_train": 0.824832922968695, "mae_train": 0.278299122849611, "accuracy_test": 0.6653796653796654, "gpa_test": 0.3263157894736842, "mae_test": 0.3689376213989356, "test_loss": 0.29200078916622246, "_wandb": {"runtime": 542}}