{"sequence_loss": 21.350005297974747, "epoch": 50, "_timestamp": 1706249785.1834514, "_runtime": 610.5833384990692, "_step": 6199, "accuracy_train": 0.3250087935279634, "gpa_train": 0.513893774182202, "mae_train": 0.40116147046520223, "accuracy_test": 0.3256113256113256, "gpa_test": 0.10526315789473684, "mae_test": 0.4591248029294008, "test_loss": 1.3704764116210635, "_wandb": {"runtime": 610}}