{"sequence_loss": -0.5559804201983125, "epoch": 35, "_timestamp": 1705689611.2224395, "_runtime": 338.9000315666199, "_step": 4339, "accuracy_train": 0.6939852268730214, "gpa_train": 0.824832922968695, "mae_train": 0.2943285732591316, "accuracy_test": 0.6821106821106822, "gpa_test": 0.3263157894736842, "mae_test": 0.3777828949912328, "test_loss": 0.3482410843635779, "_wandb": {"runtime": 338}}