{"sequence_loss": -6.711367580538198, "epoch": 50, "_timestamp": 1706239486.0037215, "_runtime": 494.91585755348206, "_step": 6199, "accuracy_train": 0.6999648258881463, "gpa_train": 0.820612029546254, "mae_train": 0.3149131349053049, "accuracy_test": 0.6653796653796654, "gpa_test": 0.3368421052631579, "mae_test": 0.3821123846095808, "test_loss": 0.3316240097688752, "_wandb": {"runtime": 492}}