{"sequence_loss": 10.28621768951416, "epoch": 50, "_timestamp": 1706121347.6104102, "_runtime": 551.5011761188507, "_step": 6199, "accuracy_train": 0.5740415054519873, "loglikelihood_train": 0.8146814712361599, "rmse_train": 0.8769705229072999, "accuracy_test": 0.555984555984556, "loglikelihood_test": 0.7864624762957075, "rmse_test": 1.0738641582876984, "test_loss": 0.47142334646685463, "_wandb": {"runtime": 551}}