{"time_loss_train": -5.129177570343018, "type_loss_train": 0.8512848615646362, "train_loss": -4.277892589569092, "_timestamp": 1706133442.713925, "_runtime": 495.56633281707764, "_step": 149, "time_loss_test": -2.2898216247558594, "type_loss_test": 1.0428450107574463, "test_loss": -1.246976613998413, "_wandb": {"runtime": 495}}