{"sequence_loss": -12.361083030700684, "epoch": 50, "_timestamp": 1706142584.264073, "_runtime": 489.04870796203613, "_step": 6199, "accuracy_train": 0.7203658107632782, "loglikelihood_train": 1.0018207801151533, "rmse_train": 0.6975335644822476, "accuracy_test": 0.6924066924066924, "loglikelihood_test": 0.9512844170089316, "rmse_test": 1.0070532015598006, "test_loss": -0.003049355923338274, "_wandb": {"runtime": 488}}