{"sequence_loss": 1.8159454733326914, "epoch": 50, "_timestamp": 1706505039.141416, "_runtime": 524.4746220111847, "_step": 6199, "accuracy_train": 0.685895181146676, "gpa_train": 0.8192050650721069, "mae_train": 0.42118029673251306, "accuracy_test": 0.667953667953668, "gpa_test": 0.3263157894736842, "mae_test": 0.49456101556235454, "test_loss": 0.4413979790028076, "_wandb": {"runtime": 523}}