{"sequence_loss": 13.480531692504883, "epoch": 50, "_timestamp": 1706709418.9464517, "_runtime": 527.6284756660461, "_step": 6199, "accuracy_train": 0.7319732676749912, "loglikelihood_train": 1.0020187935171307, "rmse_train": 0.7062601705729239, "accuracy_test": 0.6782496782496783, "loglikelihood_test": 0.9340791828864443, "rmse_test": 0.9720965828383521, "test_loss": -0.08775845486505897, "_wandb": {"runtime": 526}}