{"sequence_loss": -5.0845193284138945, "epoch": 50, "_timestamp": 1706216567.4383616, "_runtime": 493.356205701828, "_step": 6199, "accuracy_train": 0.6964474147027787, "gpa_train": 0.8209637706647908, "mae_train": 0.30849700786679135, "accuracy_test": 0.6782496782496783, "gpa_test": 0.3263157894736842, "mae_test": 0.38060748515748916, "test_loss": 0.36912176886850545, "_wandb": {"runtime": 492}}