{"sequence_loss": -2.9888617553065586, "epoch": 50, "_timestamp": 1706231494.3019943, "_runtime": 567.9336442947388, "_step": 6199, "accuracy_train": 0.709110094970102, "gpa_train": 0.8230742173760113, "mae_train": 0.28011101507360653, "accuracy_test": 0.6653796653796654, "gpa_test": 0.3368421052631579, "mae_test": 0.3776722359381127, "test_loss": 0.31460092361965053, "_wandb": {"runtime": 567}}