{"sequence_loss": -0.24240191319974436, "epoch": 50, "_timestamp": 1706250500.2955215, "_runtime": 699.8961083889008, "_step": 6199, "accuracy_train": 0.6661976785086177, "gpa_train": 0.8163911361238129, "mae_train": 0.32273666400788664, "accuracy_test": 0.6383526383526383, "gpa_test": 0.3263157894736842, "mae_test": 0.39953632965357916, "test_loss": 0.43469079442905173, "_wandb": {"runtime": 699}}