{"sequence_loss": -1.2942917346954346, "epoch": 50, "_timestamp": 1706160137.2994194, "_runtime": 533.2925963401794, "_step": 6199, "accuracy_train": 0.6869504045022863, "loglikelihood_train": 0.9644694693782934, "rmse_train": 0.7559752927782163, "accuracy_test": 0.6589446589446589, "loglikelihood_test": 0.9245810171144199, "rmse_test": 1.0307523814373536, "test_loss": -0.03749471606142753, "_wandb": {"runtime": 532}}