{"sequence_loss": 31.141851278520328, "epoch": 50, "_timestamp": 1706114767.691665, "_runtime": 516.5871050357819, "_step": 6199, "accuracy_train": 0.6299683432993317, "gpa_train": 0.7815687653886739, "mae_train": 0.3425958306278681, "accuracy_test": 0.6280566280566281, "gpa_test": 0.3157894736842105, "mae_test": 0.39338600175261035, "test_loss": 0.7376008473549456, "_wandb": {"runtime": 516}}