{"sequence_loss": -5.20059061050415, "epoch": 50, "_timestamp": 1706151405.7572548, "_runtime": 469.7490749359131, "_step": 6199, "accuracy_train": 0.6957439324657052, "loglikelihood_train": 0.9490896662972086, "rmse_train": 0.7245133106220434, "accuracy_test": 0.6795366795366795, "loglikelihood_test": 0.9117922550809067, "rmse_test": 1.000570794706747, "test_loss": -0.026186745844583595, "_wandb": {"runtime": 469}}