{"batch_loss": 14.235703468322754, "epoch": 1, "_timestamp": 1705587671.835149, "_runtime": 9.2640700340271, "_step": 120, "_wandb": {"runtime": 8}}