{"sequence_loss": 2.4127595590421818, "epoch": 50, "_timestamp": 1706480815.7953851, "_runtime": 527.2374541759491, "_step": 6199, "accuracy_train": 0.6827295110798453, "gpa_train": 0.8128737249384453, "mae_train": 0.41522180178699636, "accuracy_test": 0.6550836550836551, "gpa_test": 0.3157894736842105, "mae_test": 0.5207360346191485, "test_loss": 0.5232905830874802, "_wandb": {"runtime": 526}}