{"sequence_loss": 9.354879379272461, "epoch": 50, "_timestamp": 1706121849.5076265, "_runtime": 489.4145965576172, "_step": 6199, "accuracy_train": 0.6693633485754484, "loglikelihood_train": 0.8857307717862486, "rmse_train": 0.7949762776569599, "accuracy_test": 0.6486486486486487, "loglikelihood_test": 0.8499219090537687, "rmse_test": 1.0560722535859064, "test_loss": 0.09652834537282454, "_wandb": {"runtime": 487}}