{"sequence_loss": -4.415530204772949, "epoch": 50, "_timestamp": 1706128065.846345, "_runtime": 458.2911100387573, "_step": 6199, "accuracy_train": 0.6978543791769258, "loglikelihood_train": 0.9091070591955526, "rmse_train": 0.7749392068905481, "accuracy_test": 0.6718146718146718, "loglikelihood_test": 0.8690945796206989, "rmse_test": 1.0183422190903102, "test_loss": 0.024847079365126853, "_wandb": {"runtime": 457}}