{"batch_loss": 56.86189270019531, "epoch": 1, "_timestamp": 1705587652.5731885, "_runtime": 10.1470365524292, "_step": 120, "_wandb": {"runtime": 9}}