{"time_loss_train": -4.369771957397461, "type_loss_train": 2.585958480834961, "train_loss": -1.7838134765625, "_timestamp": 1706153885.6466827, "_runtime": 580.810186624527, "_step": 149, "time_loss_test": -0.6517729759216309, "type_loss_test": 2.635991096496582, "test_loss": 1.9842181205749512, "_wandb": {"runtime": 580}}