{"sequence_loss": -1.2897993837368862, "epoch": 35, "_timestamp": 1705688888.2039058, "_runtime": 341.2181067466736, "_step": 4339, "accuracy_train": 0.6996130847696096, "gpa_train": 0.823425958494548, "mae_train": 0.30286800542684494, "accuracy_test": 0.6666666666666666, "gpa_test": 0.3368421052631579, "mae_test": 0.37906082762714516, "test_loss": 0.37499054704260487, "_wandb": {"runtime": 340}}