{"sequence_loss": 13.247634684122382, "epoch": 50, "_timestamp": 1706225414.0984213, "_runtime": 553.0845532417297, "_step": 6199, "accuracy_train": 0.6957439324657052, "gpa_train": 0.8181498417164966, "mae_train": 0.288302768421475, "accuracy_test": 0.6525096525096525, "gpa_test": 0.30526315789473685, "mae_test": 0.373581076527501, "test_loss": 0.3446941295048415, "_wandb": {"runtime": 552}}