{"sequence_loss": 9.239627838134766, "epoch": 50, "_timestamp": 1706126077.8359113, "_runtime": 456.12311935424805, "_step": 6199, "accuracy_train": 0.6626802673232501, "loglikelihood_train": 0.8209674409247749, "rmse_train": 0.765641251339609, "accuracy_test": 0.6499356499356499, "loglikelihood_test": 0.8098873490780856, "rmse_test": 1.0107889239521324, "test_loss": 0.11301457908301227, "_wandb": {"runtime": 455}}