{"sequence_loss": -10.547050476074219, "epoch": 50, "_timestamp": 1706137505.6601295, "_runtime": 533.1955404281616, "_step": 6199, "accuracy_train": 0.7200140696447415, "loglikelihood_train": 0.9935332161548226, "rmse_train": 0.7508193834978287, "accuracy_test": 0.6756756756756757, "loglikelihood_test": 0.9485480236796151, "rmse_test": 1.0324171317616777, "test_loss": -0.06311149117165962, "_wandb": {"runtime": 532}}