{"sequence_loss": 31.07104659066937, "epoch": 50, "_timestamp": 1706475650.1458223, "_runtime": 454.98041439056396, "_step": 6199, "accuracy_train": 0.7073513893774183, "gpa_train": 0.8199085473091804, "mae_train": 0.43194928565077323, "accuracy_test": 0.6872586872586872, "gpa_test": 0.3368421052631579, "mae_test": 0.478376275323993, "test_loss": 0.4258607640252641, "_wandb": {"runtime": 454}}