{"sequence_loss": 8.635063287849498, "epoch": 50, "_timestamp": 1706492230.9682531, "_runtime": 477.82878613471985, "_step": 6199, "accuracy_train": 0.711924023918396, "gpa_train": 0.8241294407316215, "mae_train": 0.4242843488887125, "accuracy_test": 0.6731016731016731, "gpa_test": 0.3263157894736842, "mae_test": 0.4800046036449025, "test_loss": 0.39101303409741917, "_wandb": {"runtime": 477}}