{"sequence_loss": 0.28224818244678573, "epoch": 50, "_timestamp": 1706201299.8533893, "_runtime": 463.95454621315, "_step": 6199, "accuracy_train": 0.6250439676398171, "gpa_train": 0.7840309532184312, "mae_train": 0.3396549743118313, "accuracy_test": 0.6254826254826255, "gpa_test": 0.3157894736842105, "mae_test": 0.3945187483668481, "test_loss": 0.7652400765355492, "_wandb": {"runtime": 463}}