{"sequence_loss": 3.6875028001792476, "epoch": 50, "_timestamp": 1706247490.7865646, "_runtime": 553.262229681015, "_step": 6199, "accuracy_train": 0.6739359831164263, "gpa_train": 0.8132254660569821, "mae_train": 0.30546055916032444, "accuracy_test": 0.6499356499356499, "gpa_test": 0.3157894736842105, "mae_test": 0.38446218243283503, "test_loss": 0.3738885984847758, "_wandb": {"runtime": 552}}