{"batch_loss_train": 16.935108184814453, "_timestamp": 1705749822.8963332, "_runtime": 163.6862633228302, "_step": 2461, "time_loss_train": -4.36722469329834, "type_loss_train": 1.0517077445983887, "train_loss": -3.315516948699951, "batch_loss_test": 34.94261169433594, "time_loss_test": -1.8297216892242432, "type_loss_test": 1.0820894241333008, "test_loss": -0.7476322650909424, "_wandb": {"runtime": 165}}