{"sequence_loss": -5.892733573913574, "epoch": 50, "_timestamp": 1706156682.6032348, "_runtime": 798.6820616722107, "_step": 6199, "accuracy_train": 0.6876538867393598, "loglikelihood_train": 0.9966384456578339, "rmse_train": 0.730009058629856, "accuracy_test": 0.6563706563706564, "loglikelihood_test": 0.934102698237495, "rmse_test": 1.0246600906811583, "test_loss": 0.0253153653007693, "_wandb": {"runtime": 798}}