{"sequence_loss": -3.98685622215271, "epoch": 50, "_timestamp": 1706150281.249001, "_runtime": 586.2986390590668, "_step": 6199, "accuracy_train": 0.6158986985578614, "loglikelihood_train": 0.9434561286561655, "rmse_train": 0.8135623384619945, "accuracy_test": 0.601029601029601, "loglikelihood_test": 0.9048372929075122, "rmse_test": 1.0450353369570855, "test_loss": 0.1111357933553183, "_wandb": {"runtime": 585}}