{"sequence_loss": 15.471195932149495, "epoch": 50, "_timestamp": 1706223296.362693, "_runtime": 549.1271331310272, "_step": 6199, "accuracy_train": 0.6725290186422793, "gpa_train": 0.8121702427013718, "mae_train": 0.29955893383871446, "accuracy_test": 0.6512226512226512, "gpa_test": 0.30526315789473685, "mae_test": 0.38107505682352427, "test_loss": 0.40631444369893444, "_wandb": {"runtime": 548}}