{"sequence_loss": 7.977095235946518, "epoch": 50, "_timestamp": 1706470075.6390595, "_runtime": 497.8060095310211, "_step": 6199, "accuracy_train": 0.6922265212803377, "gpa_train": 0.8192050650721069, "mae_train": 0.41481163608243754, "accuracy_test": 0.6640926640926641, "gpa_test": 0.3157894736842105, "mae_test": 0.4747699884220747, "test_loss": 0.4492103103729564, "_wandb": {"runtime": 497}}