{"sequence_loss": 27.598946083037152, "epoch": 50, "_timestamp": 1706232505.887608, "_runtime": 508.26882100105286, "_step": 6199, "accuracy_train": 0.6693633485754484, "gpa_train": 0.8188533239535701, "mae_train": 0.30193280578288567, "accuracy_test": 0.6550836550836551, "gpa_test": 0.3157894736842105, "mae_test": 0.37791933439566516, "test_loss": 0.37337674623437467, "_wandb": {"runtime": 507}}