{"sequence_loss": 51.510938374074634, "epoch": 50, "_timestamp": 1706468522.8150527, "_runtime": 522.5286197662354, "_step": 6199, "accuracy_train": 0.6465001758705593, "gpa_train": 0.7931762223003869, "mae_train": 0.42639070357229775, "accuracy_test": 0.6435006435006435, "gpa_test": 0.3157894736842105, "mae_test": 0.4995138016139832, "test_loss": 0.6441057245702793, "_wandb": {"runtime": 521}}