{"time_loss_train": -4.747974872589111, "type_loss_train": 1.059975028038025, "train_loss": -3.687999725341797, "_timestamp": 1706163638.0853348, "_runtime": 689.4777588844299, "_step": 149, "time_loss_test": -2.2602503299713135, "type_loss_test": 1.1147841215133667, "test_loss": -1.1454662084579468, "_wandb": {"runtime": 688}}