{"sequence_loss": 37.455421447753906, "epoch": 50, "_timestamp": 1706166631.1487453, "_runtime": 1012.7081592082977, "_step": 6199, "accuracy_train": 0.2543088287020753, "loglikelihood_train": 0.9716922821925501, "rmse_train": 0.8533328303126434, "accuracy_test": 0.23037323037323038, "loglikelihood_test": 0.9326887447222144, "rmse_test": 1.0701192960206682, "test_loss": 1.3028992469364826, "_wandb": {"runtime": 1012}}