{"sequence_loss": -9.45196533203125, "epoch": 50, "_timestamp": 1706140537.8465912, "_runtime": 458.8488392829895, "_step": 6199, "accuracy_train": 0.7024270137179036, "loglikelihood_train": 0.9563722252164978, "rmse_train": 0.7104052364360306, "accuracy_test": 0.6821106821106822, "loglikelihood_test": 0.9142359980439718, "rmse_test": 0.9954860493028116, "test_loss": -0.008504008668252325, "_wandb": {"runtime": 458}}