{"sequence_loss": -7.843984603881836, "epoch": 50, "_timestamp": 1706149683.0694463, "_runtime": 552.1193013191223, "_step": 6199, "accuracy_train": 0.7210692930003517, "loglikelihood_train": 1.0030944467056682, "rmse_train": 0.7520010877222503, "accuracy_test": 0.6821106821106822, "loglikelihood_test": 0.9438012173745485, "rmse_test": 1.0087958259427414, "test_loss": -0.10509063573801412, "_wandb": {"runtime": 551}}