{"sequence_loss": 22.143724877020006, "epoch": 35, "_timestamp": 1705692910.3876553, "_runtime": 368.56424021720886, "_step": 4339, "accuracy_train": 0.6982061202954626, "gpa_train": 0.8213155117833275, "mae_train": 0.2945995095159401, "accuracy_test": 0.6615186615186616, "gpa_test": 0.3368421052631579, "mae_test": 0.3733267334590701, "test_loss": 0.34824483655602434, "_wandb": {"runtime": 367}}