{"batch_loss": 72.86444091796875, "epoch": 70, "_timestamp": 1705668377.589291, "_runtime": 718.2688059806824, "_step": 8679, "accuracy_train": 0.31304959549771366, "loglikelihood_train": 0.05505746443564733, "accuracy_test": 0.30373230373230375, "loglikelihood_test": 0.038703586279818444, "test_loss": 2.264846040084299, "_wandb": {"runtime": 717}}