{"batch_loss": 64.71651458740234, "epoch": 1, "_timestamp": 1705591745.5563354, "_runtime": 8.860426425933838, "_step": 120, "_wandb": {"runtime": 11}}