{"time_loss_train": -5.0765299797058105, "type_loss_train": 0.8883543014526367, "train_loss": -4.188175678253174, "_timestamp": 1706173154.299306, "_runtime": 479.7402489185333, "_step": 149, "time_loss_test": -3.703188419342041, "type_loss_test": 1.0172004699707031, "test_loss": -2.685987949371338, "_wandb": {"runtime": 479}}