{"batch_loss": 43.93512725830078, "epoch": 50, "_timestamp": 1705594631.9468477, "_runtime": 493.96033573150635, "_step": 6099, "test_loss": 2.1950098347996776, "_wandb": {"runtime": 493}}