{"batch_loss": -2.479088068008423, "epoch": 50, "_timestamp": 1705593125.1301847, "_runtime": 476.0692756175995, "_step": 6099, "test_loss": 1.912814989119921, "_wandb": {"runtime": 474}}