{"sequence_loss": -13.082834243774414, "epoch": 50, "_timestamp": 1706141553.1972497, "_runtime": 502.7609906196594, "_step": 6199, "accuracy_train": 0.7150896939852269, "loglikelihood_train": 0.9708740528474744, "rmse_train": 0.7930417402686826, "accuracy_test": 0.6808236808236808, "loglikelihood_test": 0.9366729291139451, "rmse_test": 1.0286720968994354, "test_loss": -0.036115986319769804, "_wandb": {"runtime": 502}}