{"sequence_loss": 45.35295486450195, "epoch": 50, "_timestamp": 1706165599.4958963, "_runtime": 924.1095743179321, "_step": 6199, "accuracy_train": 0.254660569820612, "loglikelihood_train": 0.946722183422459, "rmse_train": 0.8626134889494087, "accuracy_test": 0.23680823680823682, "loglikelihood_test": 0.9125652640266756, "rmse_test": 1.0702131267678376, "test_loss": 1.3220685194864605, "_wandb": {"runtime": 923}}