{"sequence_loss": -0.3553943673098896, "epoch": 50, "_timestamp": 1706223790.562463, "_runtime": 484.4516410827637, "_step": 6199, "accuracy_train": 0.7189588462891312, "gpa_train": 0.8251846640872318, "mae_train": 0.272236912551582, "accuracy_test": 0.6833976833976834, "gpa_test": 0.3157894736842105, "mae_test": 0.35911672041683124, "test_loss": 0.27215806826306344, "_wandb": {"runtime": 483}}