{"sequence_loss": 3.127579689025879, "epoch": 2, "_timestamp": 1705696199.4353154, "_runtime": 23.142882347106934, "_step": 247, "accuracy_train": 0.5905733380232149, "loglikelihood_train": 0.4874670115683865, "rmse_train": 0.8592221216825238, "accuracy_test": 0.5958815958815958, "loglikelihood_test": 0.5486997207709118, "rmse_test": 1.0726158304444686, "test_loss": 0.648597843483486, "_wandb": {"runtime": 23}}