{"sequence_loss": 10.159428596496582, "epoch": 50, "_timestamp": 1706127070.8438103, "_runtime": 498.28132128715515, "_step": 6199, "accuracy_train": 0.6651424551530074, "loglikelihood_train": 0.827474012222955, "rmse_train": 0.8658841932530097, "accuracy_test": 0.6435006435006435, "loglikelihood_test": 0.8048028819328916, "rmse_test": 1.0422973642173277, "test_loss": 0.12458292427843651, "_wandb": {"runtime": 497}}