{"time_loss_train": -5.081484794616699, "type_loss_train": 0.8744020462036133, "train_loss": -4.207082748413086, "_timestamp": 1706133945.6557498, "_runtime": 494.29718589782715, "_step": 149, "time_loss_test": -2.1947927474975586, "type_loss_test": 1.023051381111145, "test_loss": -1.1717413663864136, "_wandb": {"runtime": 493}}