{"sequence_loss": -8.444381713867188, "epoch": 50, "_timestamp": 1706117621.4725053, "_runtime": 456.87628531455994, "_step": 6199, "accuracy_train": 0.7024270137179036, "loglikelihood_train": 0.9069639921976633, "rmse_train": 0.8213732823082405, "accuracy_test": 0.6756756756756757, "loglikelihood_test": 0.8707205247035069, "rmse_test": 1.016396271965006, "test_loss": 0.01853967922846828, "_wandb": {"runtime": 456}}