{"sequence_loss": 28.558988690878575, "epoch": 50, "_timestamp": 1706238024.0152256, "_runtime": 606.9762976169586, "_step": 6199, "accuracy_train": 0.3373197326767499, "gpa_train": 0.4938445304256068, "mae_train": 0.393923365772085, "accuracy_test": 0.32947232947232946, "gpa_test": 0.10526315789473684, "mae_test": 0.46278920612433394, "test_loss": 1.42538794720233, "_wandb": {"runtime": 606}}