{"sequence_loss": -6.894638326052403, "epoch": 35, "_timestamp": 1705690331.8381028, "_runtime": 339.0770049095154, "_step": 4339, "accuracy_train": 0.7073513893774183, "gpa_train": 0.8139289482940556, "mae_train": 0.29671464912328677, "accuracy_test": 0.6898326898326899, "gpa_test": 0.3368421052631579, "mae_test": 0.3718300841489814, "test_loss": 0.32721391913240705, "_wandb": {"runtime": 338}}