{"sequence_loss": -3.5440303784133143, "epoch": 50, "_timestamp": 1706205332.5501308, "_runtime": 445.32583594322205, "_step": 6199, "accuracy_train": 0.7006683081252199, "gpa_train": 0.8181498417164966, "mae_train": 0.31182654173156976, "accuracy_test": 0.6718146718146718, "gpa_test": 0.3368421052631579, "mae_test": 0.37731698657861856, "test_loss": 0.3739644924096249, "_wandb": {"runtime": 444}}