{"sequence_loss": 9.043538852424383, "epoch": 50, "_timestamp": 1706235731.3978899, "_runtime": 560.8595788478851, "_step": 6199, "accuracy_train": 0.6908195568061907, "gpa_train": 0.8177981005979599, "mae_train": 0.28622025039637966, "accuracy_test": 0.6525096525096525, "gpa_test": 0.3157894736842105, "mae_test": 0.3764163484291067, "test_loss": 0.36675570330134283, "_wandb": {"runtime": 560}}