{"sequence_loss": -1.9306316467603324, "epoch": 21, "_timestamp": 1706196541.7278068, "_runtime": 215.97464990615845, "_step": 2603, "accuracy_train": 0.6130847696095674, "gpa_train": 0.768554344002814, "mae_train": 0.3426614815694867, "accuracy_test": 0.6241956241956242, "gpa_test": 0.29473684210526313, "mae_test": 0.3951043225009776, "test_loss": 0.849978376797872, "_wandb": {"runtime": 218}}