{"sequence_loss": 7.690339692040504, "epoch": 50, "_timestamp": 1706209956.949059, "_runtime": 511.5977580547333, "_step": 6199, "accuracy_train": 0.6549419627154415, "gpa_train": 0.7970453746042913, "mae_train": 0.3176803306672844, "accuracy_test": 0.6396396396396397, "gpa_test": 0.3157894736842105, "mae_test": 0.3898951266262982, "test_loss": 0.5134201856046102, "_wandb": {"runtime": 511}}