{"sequence_loss": 0.4187636871040832, "epoch": 50, "_timestamp": 1706476646.8528042, "_runtime": 498.9637942314148, "_step": 6199, "accuracy_train": 0.7147379528666901, "gpa_train": 0.8213155117833275, "mae_train": 0.43541287294039627, "accuracy_test": 0.6885456885456885, "gpa_test": 0.3368421052631579, "mae_test": 0.528455290708456, "test_loss": 0.4615974858377764, "_wandb": {"runtime": 498}}