{"sequence_loss": -8.197625160217285, "epoch": 50, "_timestamp": 1706136951.85018, "_runtime": 509.99329686164856, "_step": 6199, "accuracy_train": 0.7189588462891312, "loglikelihood_train": 0.9871769797024441, "rmse_train": 0.7896507194356799, "accuracy_test": 0.685971685971686, "loglikelihood_test": 0.9299371411315108, "rmse_test": 1.0226522456058829, "test_loss": -0.07049590879968837, "_wandb": {"runtime": 509}}