{"sequence_loss": 0.24125487577861815, "epoch": 50, "_timestamp": 1706483451.579696, "_runtime": 545.0592880249023, "_step": 6199, "accuracy_train": 0.6936334857544847, "gpa_train": 0.8121702427013718, "mae_train": 0.435471462104843, "accuracy_test": 0.6525096525096525, "gpa_test": 0.3157894736842105, "mae_test": 0.5154962550412427, "test_loss": 0.4621563507484677, "_wandb": {"runtime": 544}}