{"sequence_loss": -5.396251201629639, "epoch": 50, "_timestamp": 1706113553.9936326, "_runtime": 479.868168592453, "_step": 6199, "accuracy_train": 0.6299683432993317, "loglikelihood_train": 0.6729830513138079, "rmse_train": 0.8326612364838527, "accuracy_test": 0.6344916344916345, "loglikelihood_test": 0.6695796942288896, "rmse_test": 1.0568170155302188, "test_loss": 0.3461276094503371, "_wandb": {"runtime": 479}}