{"sequence_loss": -1.2897993837368862, "epoch": 35, "_timestamp": 1705688156.5081177, "_runtime": 336.609005689621, "_step": 4339, "accuracy_train": 0.6666666666666666, "gpa": 0.3368421052631579, "mae": 0.37906082762714516, "test_loss": 0.37499054704260487, "_wandb": {"runtime": 336}}