{"sequence_loss": -7.444463258174586, "epoch": 50, "_timestamp": 1706219558.6709416, "_runtime": 483.6997275352478, "_step": 6199, "accuracy_train": 0.655645444952515, "gpa_train": 0.8037284558564897, "mae_train": 0.3057283387400506, "accuracy_test": 0.637065637065637, "gpa_test": 0.30526315789473685, "mae_test": 0.38299944992998236, "test_loss": 0.4993300855268349, "_wandb": {"runtime": 482}}