{"sequence_loss": -11.101567167487046, "epoch": 50, "_timestamp": 1706494892.9315276, "_runtime": 537.0772335529327, "_step": 6199, "accuracy_train": 0.7087583538515653, "gpa_train": 0.8195568061906436, "mae_train": 0.4173206124052463, "accuracy_test": 0.6602316602316602, "gpa_test": 0.3263157894736842, "mae_test": 0.46716080776666274, "test_loss": 0.3772040688114514, "_wandb": {"runtime": 536}}