{"sequence_loss": 2.235878459216618, "epoch": 50, "_timestamp": 1706461859.3839457, "_runtime": 488.3200776576996, "_step": 6199, "accuracy_train": 0.6676046429827647, "gpa_train": 0.8072458670418572, "mae_train": 0.4184553671839201, "accuracy_test": 0.6473616473616474, "gpa_test": 0.3368421052631579, "mae_test": 0.46128409955185506, "test_loss": 0.550111314305589, "_wandb": {"runtime": 487}}