{"sequence_loss": 27.838984616987524, "epoch": 50, "_timestamp": 1706209434.3485222, "_runtime": 480.30107712745667, "_step": 6199, "accuracy_train": 0.6626802673232501, "gpa_train": 0.8005627857896588, "mae_train": 0.304071000961615, "accuracy_test": 0.6435006435006435, "gpa_test": 0.3157894736842105, "mae_test": 0.3807735826671507, "test_loss": 0.4850726440152844, "_wandb": {"runtime": 479}}