{"sequence_loss": 0.10774590075016022, "epoch": 50, "_timestamp": 1706119168.7856715, "_runtime": 529.4712884426117, "_step": 6199, "accuracy_train": 0.7041857193105874, "loglikelihood_train": 0.9220793096016648, "rmse_train": 0.8028041261876254, "accuracy_test": 0.6808236808236808, "loglikelihood_test": 0.8944795458717684, "rmse_test": 1.0213008085332642, "test_loss": -0.001446192309392237, "_wandb": {"runtime": 528}}