{"sequence_loss": -7.273815631866455, "epoch": 50, "_timestamp": 1706136430.4084413, "_runtime": 486.05752539634705, "_step": 6199, "accuracy_train": 0.7242349630671826, "loglikelihood_train": 0.9882018691539621, "rmse_train": 0.7536834566105007, "accuracy_test": 0.6833976833976834, "loglikelihood_test": 0.926170991585318, "rmse_test": 1.0118624826586493, "test_loss": -0.0695534854039418, "_wandb": {"runtime": 485}}