{"sequence_loss": 15.498069763183594, "epoch": 50, "_timestamp": 1706145323.3143015, "_runtime": 507.3870234489441, "_step": 6199, "accuracy_train": 0.6887091100949702, "loglikelihood_train": 0.9266916552498636, "rmse_train": 0.8191638790961847, "accuracy_test": 0.6537966537966537, "loglikelihood_test": 0.8858012615051944, "rmse_test": 1.0453811436231455, "test_loss": -0.0013898835904830324, "_wandb": {"runtime": 506}}