{"sequence_loss": 18.02458862864891, "epoch": 50, "_timestamp": 1706463365.3486626, "_runtime": 456.5062575340271, "_step": 6199, "accuracy_train": 0.6918747801618009, "gpa_train": 0.8209637706647908, "mae_train": 0.4091693027481578, "accuracy_test": 0.6718146718146718, "gpa_test": 0.3368421052631579, "mae_test": 0.46726786215793215, "test_loss": 0.4358391697564569, "_wandb": {"runtime": 455}}