{"sequence_loss": -3.1221569380438687, "epoch": 50, "_timestamp": 1706205809.9328039, "_runtime": 465.2270128726959, "_step": 6199, "accuracy_train": 0.7094618360886388, "gpa_train": 0.820612029546254, "mae_train": 0.29959119372580867, "accuracy_test": 0.6743886743886743, "gpa_test": 0.3368421052631579, "mae_test": 0.3776885444439823, "test_loss": 0.36233548929746234, "_wandb": {"runtime": 464}}