{"time_loss_train": -5.341070175170898, "type_loss_train": 0.8343685269355774, "train_loss": -4.506701469421387, "_timestamp": 1706152252.7649717, "_runtime": 502.44185066223145, "_step": 149, "time_loss_test": -3.4245009422302246, "type_loss_test": 1.0061535835266113, "test_loss": -2.4183473587036133, "_wandb": {"runtime": 501}}