{"sequence_loss": 23.77236687022167, "epoch": 50, "_timestamp": 1706214603.2144744, "_runtime": 490.77567434310913, "_step": 6199, "accuracy_train": 0.6549419627154415, "gpa_train": 0.8135772071755188, "mae_train": 0.33033376938433784, "accuracy_test": 0.6499356499356499, "gpa_test": 0.3157894736842105, "mae_test": 0.3897952815587303, "test_loss": 0.48769696090589654, "_wandb": {"runtime": 490}}