{"sequence_loss": -11.366355895996094, "epoch": 50, "_timestamp": 1706151897.4975703, "_runtime": 483.5192823410034, "_step": 6199, "accuracy_train": 0.6950404502286317, "loglikelihood_train": 0.9649947730850664, "rmse_train": 0.7718306084254658, "accuracy_test": 0.6718146718146718, "loglikelihood_test": 0.926927969519016, "rmse_test": 1.0187320216531996, "test_loss": 0.0029846586418890322, "_wandb": {"runtime": 482}}