{"sequence_loss": 7.501939965258913, "epoch": 50, "_timestamp": 1706221665.8874578, "_runtime": 480.14299273490906, "_step": 6199, "accuracy_train": 0.6922265212803377, "gpa_train": 0.8139289482940556, "mae_train": 0.28881960321051364, "accuracy_test": 0.6666666666666666, "gpa_test": 0.3263157894736842, "mae_test": 0.3745096064288951, "test_loss": 0.3634542738187213, "_wandb": {"runtime": 479}}