{"sequence_loss": 15.922114932425508, "epoch": 50, "_timestamp": 1706490125.9931166, "_runtime": 479.8206355571747, "_step": 6199, "accuracy_train": 0.6827295110798453, "gpa_train": 0.8142806894125924, "mae_train": 0.413201676511949, "accuracy_test": 0.6576576576576577, "gpa_test": 0.3368421052631579, "mae_test": 0.5123001378475469, "test_loss": 0.508834649070061, "_wandb": {"runtime": 479}}