{"sequence_loss": 32.44911293913584, "epoch": 50, "_timestamp": 1706472136.3985045, "_runtime": 478.8369355201721, "_step": 6199, "accuracy_train": 0.6588111150193457, "gpa_train": 0.8058389025677102, "mae_train": 0.4501086790042573, "accuracy_test": 0.6499356499356499, "gpa_test": 0.3263157894736842, "mae_test": 0.49423154931577784, "test_loss": 0.5800644553212625, "_wandb": {"runtime": 478}}