{"sequence_loss": -2.807319286905555, "epoch": 50, "_timestamp": 1706210497.4439363, "_runtime": 527.3185043334961, "_step": 6199, "accuracy_train": 0.6559971860710517, "gpa_train": 0.7889553288779458, "mae_train": 0.3191551465280367, "accuracy_test": 0.6383526383526383, "gpa_test": 0.29473684210526313, "mae_test": 0.3888445190481237, "test_loss": 0.5065200422880203, "_wandb": {"runtime": 526}}