{"sequence_loss": 1.1195378053205172, "epoch": 50, "_timestamp": 1706506649.5964665, "_runtime": 535.3538644313812, "_step": 6199, "accuracy_train": 0.7020752725993669, "gpa_train": 0.8272951107984523, "mae_train": 0.43976179982338665, "accuracy_test": 0.6718146718146718, "gpa_test": 0.3263157894736842, "mae_test": 0.4679184984823298, "test_loss": 0.3816528154560358, "_wandb": {"runtime": 534}}