{"sequence_loss": -2.886261224746704, "epoch": 50, "_timestamp": 1706162437.1569567, "_runtime": 596.2622497081757, "_step": 6199, "accuracy_train": 0.6669011607456912, "loglikelihood_train": 0.9592062127744252, "rmse_train": 0.8134585595998669, "accuracy_test": 0.6447876447876448, "loglikelihood_test": 0.9174656614793085, "rmse_test": 1.052139408470854, "test_loss": 0.016479501088636113, "_wandb": {"runtime": 595}}