{"sequence_loss": -8.938198544264672, "epoch": 35, "_timestamp": 1705691454.4768362, "_runtime": 365.0963282585144, "_step": 4339, "accuracy_train": 0.6989096025325361, "gpa_train": 0.8177981005979599, "mae_train": 0.2941031786408426, "accuracy_test": 0.6640926640926641, "gpa_test": 0.3157894736842105, "mae_test": 0.37772520950862337, "test_loss": 0.34250683927615294, "_wandb": {"runtime": 364}}