{"sequence_loss": 15.352610733490813, "epoch": 50, "_timestamp": 1706465897.564219, "_runtime": 500.59714794158936, "_step": 6199, "accuracy_train": 0.5793176222300387, "gpa_train": 0.7478016180091452, "mae_train": 0.4473502524419859, "accuracy_test": 0.5572715572715573, "gpa_test": 0.29473684210526313, "mae_test": 0.508205457390352, "test_loss": 0.9448527071633727, "_wandb": {"runtime": 500}}