{"sequence_loss": -3.7740280628204346, "epoch": 50, "_timestamp": 1706147472.0383186, "_runtime": 520.6396915912628, "_step": 6199, "accuracy_train": 0.7168483995779107, "loglikelihood_train": 0.9841791450493609, "rmse_train": 0.788388046675537, "accuracy_test": 0.6846846846846847, "loglikelihood_test": 0.929558365745882, "rmse_test": 1.0185758223937147, "test_loss": -0.08781903118422602, "_wandb": {"runtime": 520}}