{"sequence_loss": -1.6669560670852661, "epoch": 50, "_timestamp": 1706161249.9360704, "_runtime": 529.4798345565796, "_step": 6199, "accuracy_train": 0.722124516355962, "loglikelihood_train": 0.9979706661888239, "rmse_train": 0.7304964420844892, "accuracy_test": 0.676962676962677, "loglikelihood_test": 0.9458583941501854, "rmse_test": 1.0124727278846708, "test_loss": -0.10004375505763873, "_wandb": {"runtime": 528}}