{"sequence_loss": -11.603342056274414, "epoch": 50, "_timestamp": 1706143125.6989496, "_runtime": 529.1182816028595, "_step": 6199, "accuracy_train": 0.7186071051705945, "loglikelihood_train": 1.0037321498310168, "rmse_train": 0.7816295693963227, "accuracy_test": 0.6911196911196911, "loglikelihood_test": 0.9639646859295601, "rmse_test": 1.0140190053538851, "test_loss": -0.036590399632675456, "_wandb": {"runtime": 528}}