{"sequence_loss": -2.1012306213378906, "epoch": 50, "_timestamp": 1706138540.4167776, "_runtime": 458.1528265476227, "_step": 6199, "accuracy_train": 0.6865986633837495, "loglikelihood_train": 0.8966398239135742, "rmse_train": 0.758045699483075, "accuracy_test": 0.6718146718146718, "loglikelihood_test": 0.8717231381255969, "rmse_test": 1.0185008395877742, "test_loss": 0.03362211640264872, "_wandb": {"runtime": 457}}