{"batch_loss": 40.58644104003906, "epoch": 17, "_timestamp": 1705592528.0997984, "_runtime": 170.43901348114014, "_step": 2072, "loss": 4.061911712570501, "_wandb": {"runtime": 172}}