{"sequence_loss": -11.731961250305176, "epoch": 50, "_timestamp": 1706124499.7988405, "_runtime": 508.6328625679016, "_step": 6199, "accuracy_train": 0.7066479071403448, "loglikelihood_train": 0.9529652098187607, "rmse_train": 0.7845446786561044, "accuracy_test": 0.6589446589446589, "loglikelihood_test": 0.9122644346372216, "rmse_test": 1.0370727072435404, "test_loss": -0.019755694454750127, "_wandb": {"runtime": 508}}