{"sequence_loss": 2.224610255583256, "epoch": 50, "_timestamp": 1706218023.9192784, "_runtime": 466.9248344898224, "_step": 6199, "accuracy_train": 0.711924023918396, "gpa_train": 0.8188533239535701, "mae_train": 0.28525067138873145, "accuracy_test": 0.6833976833976834, "gpa_test": 0.3368421052631579, "mae_test": 0.3678176516578311, "test_loss": 0.317083391435453, "_wandb": {"runtime": 466}}