{"sequence_loss": 6.570739289743074, "epoch": 50, "_timestamp": 1706206309.3505604, "_runtime": 488.92507243156433, "_step": 6199, "accuracy_train": 0.7027787548364404, "gpa_train": 0.8160393950052761, "mae_train": 0.2978852919361518, "accuracy_test": 0.6808236808236808, "gpa_test": 0.3368421052631579, "mae_test": 0.3806553793689919, "test_loss": 0.3617641189749728, "_wandb": {"runtime": 488}}