{"sequence_loss": -3.57338809967041, "epoch": 50, "_timestamp": 1706134289.2780383, "_runtime": 489.52249217033386, "_step": 6199, "accuracy_train": 0.6999648258881463, "loglikelihood_train": 0.9371147766319667, "rmse_train": 0.7762295474805448, "accuracy_test": 0.6692406692406693, "loglikelihood_test": 0.8923735407601415, "rmse_test": 1.037103491565827, "test_loss": -0.00298197689441453, "_wandb": {"runtime": 488}}