{"sequence_loss": 2.3313645081946763, "epoch": 50, "_timestamp": 1706242819.6542146, "_runtime": 652.7192726135254, "_step": 6199, "accuracy_train": 0.7027787548364404, "gpa_train": 0.8174463594794231, "mae_train": 0.5042711460711962, "accuracy_test": 0.667953667953668, "gpa_test": 0.3368421052631579, "mae_test": 0.5656912409660899, "test_loss": 0.5428868982209043, "_wandb": {"runtime": 652}}