{"time_loss_train": -4.201242446899414, "type_loss_train": 2.702247142791748, "train_loss": -1.498995304107666, "_timestamp": 1706143144.38145, "_runtime": 562.743549823761, "_step": 149, "time_loss_test": -0.24904732406139374, "type_loss_test": 2.798807144165039, "test_loss": 2.549759864807129, "_wandb": {"runtime": 562}}