{"sequence_loss": 20.118885040283203, "epoch": 50, "_timestamp": 1706157572.5234163, "_runtime": 877.3465611934662, "_step": 6199, "accuracy_train": 0.4706296166021808, "loglikelihood_train": 0.8917352242408159, "rmse_train": 0.8272012825194155, "accuracy_test": 0.4749034749034749, "loglikelihood_test": 0.8524036850549478, "rmse_test": 1.059195810009443, "test_loss": 0.4747963041330861, "_wandb": {"runtime": 876}}