{"sequence_loss": 0.44828706600224955, "epoch": 50, "_timestamp": 1706222734.4172492, "_runtime": 528.3462452888489, "_step": 6199, "accuracy_train": 0.6785086176574041, "gpa_train": 0.8111150193457615, "mae_train": 0.30257879475913246, "accuracy_test": 0.6512226512226512, "gpa_test": 0.30526315789473685, "mae_test": 0.3806991199729065, "test_loss": 0.36975528541646174, "_wandb": {"runtime": 527}}