{"sequence_loss": 15.29019096130829, "epoch": 50, "_timestamp": 1706212604.1472123, "_runtime": 529.4663972854614, "_step": 6199, "accuracy_train": 0.6869504045022863, "gpa_train": 0.8083010903974674, "mae_train": 0.2890931634134782, "accuracy_test": 0.6537966537966537, "gpa_test": 0.3263157894736842, "mae_test": 0.36990865593251115, "test_loss": 0.356317291250751, "_wandb": {"runtime": 528}}