{"sequence_loss": -4.4415740966796875, "epoch": 50, "_timestamp": 1706140070.9072466, "_runtime": 522.5843386650085, "_step": 6199, "accuracy_train": 0.687302145620823, "loglikelihood_train": 0.9162097990530763, "rmse_train": 0.7673978457460968, "accuracy_test": 0.6782496782496783, "loglikelihood_test": 0.8933064578908735, "rmse_test": 1.025059291982866, "test_loss": -0.006510551466680734, "_wandb": {"runtime": 522}}