{"sequence_loss": 4.289235475650389, "epoch": 50, "_timestamp": 1706226359.7157097, "_runtime": 468.99800062179565, "_step": 6199, "accuracy_train": 0.683081252198382, "gpa_train": 0.8230742173760113, "mae_train": 0.30926254204029857, "accuracy_test": 0.6589446589446589, "gpa_test": 0.3263157894736842, "mae_test": 0.3766164215068252, "test_loss": 0.3774412596311384, "_wandb": {"runtime": 468}}