{"sequence_loss": -3.5657818790081475, "epoch": 50, "_timestamp": 1706467989.8976688, "_runtime": 514.7638468742371, "_step": 6199, "accuracy_train": 0.6517762926486106, "gpa_train": 0.795990151248681, "mae_train": 0.43772559928256694, "accuracy_test": 0.6383526383526383, "gpa_test": 0.3157894736842105, "mae_test": 0.481461517752521, "test_loss": 0.5982623623098292, "_wandb": {"runtime": 514}}