{"time_loss_train": -5.193103313446045, "type_loss_train": 0.865715742111206, "train_loss": -4.327387809753418, "_timestamp": 1706183713.839481, "_runtime": 528.1807532310486, "_step": 149, "time_loss_test": -2.994235038757324, "type_loss_test": 1.0331015586853027, "test_loss": -1.9611334800720215, "_wandb": {"runtime": 527}}