{"sequence_loss": -8.322963766959331, "epoch": 50, "_timestamp": 1706222194.1140609, "_runtime": 511.7831678390503, "_step": 6199, "accuracy_train": 0.7013717903622934, "gpa_train": 0.8192050650721069, "mae_train": 0.29055811614165034, "accuracy_test": 0.6602316602316602, "gpa_test": 0.3263157894736842, "mae_test": 0.3732494642068674, "test_loss": 0.39719833790918013, "_wandb": {"runtime": 511}}