{"batch_loss": 55.55665588378906, "epoch": 1, "_timestamp": 1705587608.200034, "_runtime": 10.40279483795166, "_step": 120, "_wandb": {"runtime": 9}}