{"sequence_loss": -0.48568497506782204, "epoch": 50, "_timestamp": 1706493828.5580487, "_runtime": 545.3847868442535, "_step": 6199, "accuracy_train": 0.6721772775237426, "gpa_train": 0.8075976081603939, "mae_train": 0.4301796824505243, "accuracy_test": 0.6422136422136422, "gpa_test": 0.3157894736842105, "mae_test": 0.49169929392702943, "test_loss": 0.4810695124024647, "_wandb": {"runtime": 544}}