{"sequence_loss": 3.791569588979269, "epoch": 50, "_timestamp": 1706207847.2325122, "_runtime": 502.008944272995, "_step": 6199, "accuracy_train": 0.5993668659866338, "gpa_train": 0.7608160393950053, "mae_train": 0.358387606101182, "accuracy_test": 0.6074646074646075, "gpa_test": 0.2736842105263158, "mae_test": 0.42286193125343075, "test_loss": 0.7743502072914018, "_wandb": {"runtime": 501}}