{"sequence_loss": 30.960927647788658, "epoch": 50, "_timestamp": 1706220619.3494523, "_runtime": 530.2683801651001, "_step": 6199, "accuracy_train": 0.6429827646851917, "gpa_train": 0.7833274709813577, "mae_train": 0.3245591425031916, "accuracy_test": 0.6280566280566281, "gpa_test": 0.29473684210526313, "mae_test": 0.39619649100948023, "test_loss": 0.5363684846399603, "_wandb": {"runtime": 528}}