{"batch_loss": 9.439282417297363, "epoch": 70, "_timestamp": 1705670543.9207714, "_runtime": 698.1344013214111, "_step": 8679, "accuracy_train": 0.7024270137179036, "loglikelihood_train": 0.9376956588841431, "accuracy_test": 0.6821106821106822, "loglikelihood_test": 0.898299248872605, "test_loss": 0.4323001861308528, "_wandb": {"runtime": 697}}