{"sequence_loss": 29.513886506628, "epoch": 50, "_timestamp": 1706221176.1248107, "_runtime": 545.2396676540375, "_step": 6199, "accuracy_train": 0.6278578965881112, "gpa_train": 0.7808652831516004, "mae_train": 0.348536075272696, "accuracy_test": 0.6177606177606177, "gpa_test": 0.30526315789473685, "mae_test": 0.41649814354713666, "test_loss": 0.6139382418272531, "_wandb": {"runtime": 544}}