{"sequence_loss": 4.204638125273992, "epoch": 35, "_timestamp": 1705690711.9366844, "_runtime": 362.5819044113159, "_step": 4339, "accuracy_train": 0.6996130847696096, "gpa_train": 0.8237776996130848, "mae_train": 0.28733926858442416, "accuracy_test": 0.667953667953668, "gpa_test": 0.3368421052631579, "mae_test": 0.36877232966429174, "test_loss": 0.3427703659725817, "_wandb": {"runtime": 362}}