{"sequence_loss": 6.998696866024683, "epoch": 50, "_timestamp": 1706493274.599322, "_runtime": 521.7852380275726, "_step": 6199, "accuracy_train": 0.6978543791769258, "gpa_train": 0.8237776996130848, "mae_train": 0.4510952995312369, "accuracy_test": 0.6628056628056628, "gpa_test": 0.3157894736842105, "mae_test": 0.5281493953756384, "test_loss": 0.4436900823561888, "_wandb": {"runtime": 521}}