{"sequence_loss": 39.16944727197809, "epoch": 50, "_timestamp": 1706509332.1737294, "_runtime": 774.6168713569641, "_step": 6199, "accuracy_train": 0.3088287020752726, "gpa_train": 0.4354555047485051, "mae_train": 0.4709072119746039, "accuracy_test": 0.3075933075933076, "gpa_test": 0.05263157894736842, "mae_test": 0.5248320566027628, "test_loss": 1.566162577659984, "_wandb": {"runtime": 774}}