{"sequence_loss": 28.976926803588867, "epoch": 50, "_timestamp": 1706164656.720362, "_runtime": 825.9200608730316, "_step": 6199, "accuracy_train": 0.2543088287020753, "loglikelihood_train": 0.9537638806709127, "rmse_train": 0.8526251165409235, "accuracy_test": 0.22007722007722008, "loglikelihood_test": 0.9212695645020071, "rmse_test": 1.0696602919047824, "test_loss": 1.3230483916843623, "_wandb": {"runtime": 825}}