{"sequence_loss": 7.499574421397066, "epoch": 50, "_timestamp": 1706498582.267071, "_runtime": 484.5950379371643, "_step": 6199, "accuracy_train": 0.6953921913471685, "gpa_train": 0.822018994020401, "mae_train": 0.4744866007530811, "accuracy_test": 0.6821106821106822, "gpa_test": 0.3368421052631579, "mae_test": 0.5300139521693324, "test_loss": 0.45277612200898226, "_wandb": {"runtime": 483}}