{"sequence_loss": -3.02215934033688, "epoch": 50, "_timestamp": 1706211055.1146564, "_runtime": 547.9280014038086, "_step": 6199, "accuracy_train": 0.6380583890256771, "gpa_train": 0.7984523390784383, "mae_train": 0.3323799180514872, "accuracy_test": 0.6241956241956242, "gpa_test": 0.3157894736842105, "mae_test": 0.40061721408996187, "test_loss": 0.5705976826504989, "_wandb": {"runtime": 547}}