{"sequence_loss": -3.9571732048035084, "epoch": 50, "_timestamp": 1706246385.0922577, "_runtime": 507.46492171287537, "_step": 6199, "accuracy_train": 0.7003165670066831, "gpa_train": 0.8188533239535701, "mae_train": 0.2926846706150201, "accuracy_test": 0.6653796653796654, "gpa_test": 0.3368421052631579, "mae_test": 0.3675496561340077, "test_loss": 0.3074122458703145, "_wandb": {"runtime": 506}}