{"sequence_loss": 0.32522044214592505, "epoch": 50, "_timestamp": 1706228322.215302, "_runtime": 466.98296189308167, "_step": 6199, "accuracy_train": 0.7115722827998593, "gpa_train": 0.8170946183608864, "mae_train": 0.30407187932819874, "accuracy_test": 0.6846846846846847, "gpa_test": 0.3368421052631579, "mae_test": 0.37720514417768597, "test_loss": 0.31901351806011136, "_wandb": {"runtime": 466}}