{"time_loss_train": -4.2085371017456055, "type_loss_train": 2.693391799926758, "train_loss": -1.5151453018188477, "_timestamp": 1706138320.658739, "_runtime": 560.4105432033539, "_step": 149, "time_loss_test": 0.5672400593757629, "type_loss_test": 2.775874137878418, "test_loss": 3.343114137649536, "_wandb": {"runtime": 559}}