{"sequence_loss": 13.632614914835822, "epoch": 50, "_timestamp": 1706483928.7142558, "_runtime": 469.57408571243286, "_step": 6199, "accuracy_train": 0.6781568765388674, "gpa_train": 0.8199085473091804, "mae_train": 0.43943695396426025, "accuracy_test": 0.6628056628056628, "gpa_test": 0.3263157894736842, "mae_test": 0.4792310663785407, "test_loss": 0.4831710567882232, "_wandb": {"runtime": 469}}