{"sequence_loss": 10.110855468358427, "epoch": 50, "_timestamp": 1706245865.7572482, "_runtime": 491.63642406463623, "_step": 6199, "accuracy_train": 0.7017235314808301, "gpa_train": 0.8269433696799156, "mae_train": 0.2889484754549631, "accuracy_test": 0.6640926640926641, "gpa_test": 0.3368421052631579, "mae_test": 0.3705865902636809, "test_loss": 0.3356619287281711, "_wandb": {"runtime": 491}}