{"time_loss_train": -5.29890775680542, "type_loss_train": 0.8572807908058167, "train_loss": -4.441627025604248, "_timestamp": 1705757146.6504452, "_runtime": 512.9786722660065, "_step": 149, "time_loss_test": -3.1987555027008057, "type_loss_test": 1.0050865411758423, "test_loss": -2.193668842315674, "_wandb": {"runtime": 512}}